,LTeamID,WTeamID,date,home,homeID,hscore,line,lineavg,linedok,linedonc,lineespn,linefox,linemassey,linemoore,lineopen,linepugh,linesag,linesage,linesaggm,linesagp,WMargin,neutral,road,roadID,rscore,std,favwins,homewins,favoriteID,underdogID,WinATS,LoseATS,Season,DayNum,WScore,LScore,WSeasonElo,LSeasonElo,SeasonEloDiff,PredMargin,PredBetWATS,PredBetLATS,PredBet,PredBetWATSProfit,PredBetLATSProfit,PredBetProfit
0,1448,1243,2017-03-14,Wake Forest,1448,88.0,-1.5,0.09,-2.56,-0.4,1.65,2.0,-2.13,0.14,0.0,0.23,-0.28,-0.05,-0.33,-0.24,-7,1.0,Kansas St.,1243.0,95.0,1.68,0,0,1243.0,1448.0,-1,1,2017,134,95,88,1817.590048,1628.452293,-189.13775499999997,-5,1,-1,1,1,-1,1
1,1309,1291,2017-03-14,New Orleans,1309,66.0,0.0,0.95,3.06,3.5,-1.23,3.0,3.15,-3.44,1.5,1.92,0.61,1.57,1.05,0.34,-1,1.0,Mount St. Marys,1291.0,67.0,1.86,0,0,1291.0,1309.0,-1,1,2017,134,67,66,1284.9646599999999,1283.53484,-1.429819999999836,0,1,-1,1,2,-2,2
2,1300,1413,2017-03-15,UC Davis,1413,67.0,-3.0,-2.33,2.31,-1.8,-5.51,-3.0,-1.58,-0.27,-3.5,-3.34,-1.63,-1.01,-0.97,-2.03,4,1.0,NC Central,1300.0,63.0,2.34,0,1,1300.0,1413.0,1,-1,2017,135,67,63,1386.152741,1389.581706,-3.4289649999998346,0,-1,1,1,1,-1,3
3,1344,1425,2017-03-15,Providence,1344,71.0,-2.5,0.44,-3.15,-1.4,2.21,2.0,0.06,1.01,0.0,-0.17,-0.26,-0.57,-0.62,-0.05,-4,1.0,USC,1425.0,75.0,1.73,0,0,1425.0,1344.0,-1,1,2017,135,75,71,1895.976116,1901.9247129999999,5.948596999999836,0,1,-1,1,2,-2,4
4,1315,1112,2017-03-16,Arizona,1112,100.0,17.5,16.59,16.74,18.0,16.66,14.0,17.91,19.22,16.5,19.79,17.91,18.8,18.66,17.54,18,1.0,North Dakota,1315.0,82.0,2.7,1,1,1112.0,1315.0,1,-1,2017,136,100,82,2021.0584059999999,1466.304543,554.7538629999999,16,-1,-1,-1,1,-3,3
5,1457,1139,2017-03-16,Butler,1139,76.0,11.0,11.06,12.95,9.5,11.06,6.0,8.49,16.45,11.5,15.3,13.14,12.56,12.84,13.33,12,1.0,Winthrop,1457.0,64.0,2.74,1,1,1139.0,1457.0,1,-1,2017,136,76,64,1992.591772,1555.655734,436.93603800000005,13,-1,1,1,0,-2,4
6,1190,1196,2017-03-16,Florida,1196,80.0,9.5,11.39,10.91,8.8,11.39,12.0,9.3,15.24,11.0,13.83,12.6,11.94,12.42,12.72,15,1.0,East Tennessee St.,1190.0,65.0,2.63,1,1,1196.0,1190.0,1,-1,2017,136,80,65,1914.3161910000001,1689.8715320000001,224.444659,6,-1,-1,-1,-1,-3,3
7,1195,1199,2017-03-16,Florida St.,1199,86.0,12.5,12.48,12.2,11.3,12.26,13.0,11.2,15.43,12.0,15.17,14.55,13.5,13.9,14.96,6,1.0,Florida Gulf Coast,1195.0,80.0,2.39,1,1,1199.0,1195.0,-1,1,2017,136,86,80,1856.140575,1575.18077,280.95980499999996,8,1,-1,1,0,-4,4
8,1355,1211,2017-03-16,Gonzaga,1211,66.0,22.5,23.39,25.1,18.5,23.39,23.0,26.51,26.1,22.5,26.45,24.17,23.88,23.92,24.32,20,1.0,South Dakota St.,1355.0,46.0,3.65,1,1,1211.0,1355.0,-1,1,2017,136,66,46,2084.516697,1627.19552,457.32117700000003,13,1,-1,1,1,-5,5
9,1305,1235,2017-03-16,Iowa St.,1235,84.0,6.5,6.44,5.9,6.6,7.83,6.0,6.52,8.87,6.5,7.03,7.85,7.09,7.45,8.08,11,1.0,Nevada,1305.0,73.0,2.0,1,1,1235.0,1305.0,1,-1,2017,136,84,73,1908.1724960000001,1715.559271,192.61322500000006,5,-1,-1,-1,0,-6,4
10,1278,1292,2017-03-16,Minnesota,1278,72.0,-1.5,2.13,1.0,3.9,1.11,1.0,2.07,4.87,1.5,4.53,3.18,3.28,3.26,3.14,-9,1.0,Middle Tenn St.,1292.0,81.0,1.95,0,0,1292.0,1278.0,-1,1,2017,136,81,72,1779.530801,1595.310076,-184.22072500000013,-5,1,-1,1,1,-7,5
11,1435,1321,2017-03-16,Northwestern,1321,68.0,-2.0,-0.56,1.28,0.5,-0.76,-5.0,-1.11,-1.23,-1.5,-0.37,0.32,1.19,0.94,-0.06,2,1.0,Vanderbilt,1435.0,66.0,2.22,0,1,1435.0,1321.0,1,-1,2017,136,68,66,1791.1684480000001,1726.8259739999999,64.34247400000027,1,-1,1,1,0,-6,6
12,1343,1323,2017-03-16,Notre Dame,1323,60.0,6.0,6.79,4.8,7.7,6.79,5.0,8.07,9.47,7.0,9.83,8.53,8.91,8.83,8.36,2,1.0,Princeton,1343.0,58.0,2.14,1,1,1323.0,1343.0,-1,1,2017,136,60,58,1925.835184,1750.201732,175.63345200000003,5,1,-1,1,1,-7,7
13,1436,1345,2017-03-16,Purdue,1345,80.0,9.0,8.87,8.38,7.8,10.22,7.0,7.8,11.4,9.0,12.65,11.44,9.86,10.65,11.92,10,1.0,Vermont,1436.0,70.0,2.51,1,1,1345.0,1436.0,1,-1,2017,136,80,70,1991.0120140000001,1671.897278,319.1147360000002,9,-1,1,1,0,-6,8
14,1433,1388,2017-03-16,St. Mary's,1388,85.0,4.0,5.57,4.88,4.4,8.59,8.0,5.58,4.04,4.5,5.11,5.01,4.56,4.65,5.23,8,1.0,VA Commonwealth,1433.0,77.0,1.52,1,1,1388.0,1433.0,1,-1,2017,136,85,77,1846.0245690000002,1735.1797530000001,110.84481600000004,3,-1,-1,-1,-1,-7,7
15,1291,1437,2017-03-16,Villanova,1437,76.0,25.5,24.75,25.46,19.0,26.78,28.0,28.03,27.97,26.5,28.26,26.25,26.43,26.57,26.07,20,1.0,Mount St. Marys,1291.0,56.0,3.39,1,1,1437.0,1291.0,-1,1,2017,136,76,56,2181.639899,1284.9646599999999,896.6752389999999,27,-1,-1,-1,-2,-8,6
16,1423,1438,2017-03-16,Virginia,1438,76.0,8.0,8.84,7.4,6.7,8.84,8.0,7.66,13.6,9.0,12.19,11.28,8.98,10.05,12.08,5,1.0,NC Wilmington,1423.0,71.0,2.57,1,1,1438.0,1423.0,-1,1,2017,136,76,71,2199.490565,1838.1067480000002,361.3838169999999,10,-1,-1,-1,-3,-9,5
17,1137,1452,2017-03-16,West Virginia,1452,86.0,13.5,12.86,13.52,9.8,12.86,12.0,10.48,14.12,14.0,15.19,16.12,15.04,15.73,16.39,6,1.0,Bucknell,1137.0,80.0,3.07,1,1,1452.0,1137.0,-1,1,2017,136,86,80,2084.2694239999996,1565.298399,518.9710249999996,15,-1,-1,-1,-4,-10,4
18,1439,1458,2017-03-16,Wisconsin,1458,84.0,5.5,5.3,6.68,6.8,6.53,4.0,3.58,4.2,5.0,4.39,6.07,4.56,5.39,6.46,10,1.0,Virginia Tech,1439.0,74.0,1.93,1,1,1458.0,1439.0,1,-1,2017,136,84,74,1894.368443,1893.3247920000001,1.0436509999999544,0,-1,-1,-1,-5,-11,3
19,1268,1462,2017-03-16,Maryland,1268,65.0,1.5,-0.15,-1.41,1.0,-1.65,0.01,0.83,-2.48,2.0,-0.83,-1.02,0.06,-0.43,-1.36,-11,1.0,Xavier,1462.0,76.0,1.53,0,0,1462.0,1268.0,-1,1,2017,136,76,65,2061.06369,1864.725762,-196.33792799999992,-5,1,-1,1,-4,-12,4
20,1371,1116,2017-03-17,Arkansas,1116,77.0,0.0,1.0,1.1,0.7,1.0,0.01,0.46,-0.61,1.5,1.72,1.01,0.78,0.88,1.09,6,1.0,Seton Hall,1371.0,71.0,1.26,1,1,1116.0,1371.0,1,-1,2017,137,77,71,1749.098801,1927.873145,-178.77434399999993,-5,-1,-1,-1,-5,-13,3
21,1308,1124,2017-03-17,Baylor,1124,91.0,11.5,11.66,8.65,10.3,11.66,13.0,8.99,20.78,12.0,13.79,13.06,13.11,13.08,13.06,18,1.0,New Mexico St.,1308.0,73.0,3.32,1,1,1124.0,1308.0,1,-1,2017,137,91,73,2085.014564,1667.155338,417.85922600000004,12,-1,1,1,-6,-12,4
22,1243,1153,2017-03-17,Cincinnati,1153,75.0,4.0,4.23,3.01,4.3,5.02,2.0,0.72,2.58,3.5,3.42,4.11,4.19,4.28,4.0,14,1.0,Kansas St.,1243.0,61.0,2.71,1,1,1153.0,1243.0,1,-1,2017,137,75,61,1881.0736969999998,1817.590048,63.48364899999979,1,-1,-1,-1,-7,-13,3
23,1407,1181,2017-03-17,Duke,1181,87.0,20.0,17.53,18.76,18.5,20.53,14.0,15.37,24.0,19.0,18.99,20.23,19.83,20.49,20.08,22,1.0,Troy St.,1407.0,65.0,3.47,1,1,1181.0,1407.0,1,-1,2017,137,87,65,2011.3186870000002,1241.457607,769.8610800000001,23,-1,1,1,-8,-12,4
24,1413,1242,2017-03-17,Kansas,1242,100.0,23.0,22.3,22.09,18.5,27.24,21.0,21.78,27.21,22.5,25.17,22.83,22.91,23.04,22.78,38,1.0,UC Davis,1413.0,62.0,3.23,1,1,1242.0,1413.0,1,-1,2017,137,100,62,2199.981075,1386.152741,813.828334,24,-1,1,1,-9,-11,5
25,1297,1246,2017-03-17,Kentucky,1246,79.0,20.0,19.42,21.83,18.0,24.12,19.0,19.69,25.62,19.5,23.32,20.8,19.94,20.55,20.96,9,1.0,Northern Kentucky,1297.0,70.0,3.65,1,1,1246.0,1297.0,-1,1,2017,137,79,70,2111.435027,1525.973774,585.4612529999999,17,1,-1,1,-8,-12,6
26,1240,1257,2017-03-17,Louisville,1257,78.0,18.5,19.89,20.1,16.5,22.49,20.0,15.6,28.98,19.5,24.34,21.93,20.21,21.28,22.37,15,1.0,Jacksonville St.,1240.0,63.0,3.96,1,1,1257.0,1240.0,-1,1,2017,137,78,63,2046.481938,1352.2833130000001,694.1986249999998,20,-1,-1,-1,-9,-13,5
27,1329,1276,2017-03-17,Michigan,1276,92.0,2.5,1.13,0.82,1.0,1.13,3.0,1.11,3.02,1.5,-0.29,0.18,0.32,0.25,0.13,1,1.0,Oklahoma St.,1329.0,91.0,1.51,1,1,1276.0,1329.0,-1,1,2017,137,92,91,1875.412738,1729.835609,145.577129,4,-1,-1,-1,-10,-14,4
28,1274,1277,2017-03-17,Miami-Florida,1274,58.0,1.5,1.35,3.33,1.5,1.68,0.01,0.14,0.7,1.0,1.82,1.42,1.66,1.39,1.45,-20,1.0,Michigan St.,1277.0,78.0,1.44,0,0,1277.0,1274.0,-1,1,2017,137,78,58,2013.872216,1902.729976,-111.1422399999999,-3,1,-1,1,-9,-15,5
29,1411,1314,2017-03-17,North Carolina,1314,103.0,26.5,23.26,24.5,18.0,27.9,24.0,24.62,27.82,24.5,28.01,24.84,23.26,23.96,25.41,39,1.0,Texas Southern,1411.0,64.0,4.01,1,1,1314.0,1411.0,1,-1,2017,137,103,64,2163.414847,1484.939293,678.4755540000001,20,-1,-1,-1,-10,-16,4
30,1233,1332,2017-03-17,Oregon,1332,93.0,15.5,15.19,16.77,15.6,15.19,17.0,14.27,13.56,14.5,18.29,16.46,16.74,16.67,16.34,16,1.0,Iona,1233.0,77.0,3.87,1,1,1332.0,1233.0,1,-1,2017,137,93,77,2033.813098,1603.042777,430.7703210000002,12,-1,-1,-1,-11,-17,3
31,1166,1348,2017-03-17,Creighton,1166,72.0,-2.0,3.05,1.83,3.8,3.14,1.0,2.01,0.38,2.0,3.91,4.32,4.47,4.58,4.17,-12,1.0,Rhode Island,1348.0,84.0,1.42,0,0,1348.0,1166.0,-1,1,2017,137,84,72,1721.7014510000001,1940.605148,218.90369699999997,6,-1,-1,-1,-12,-18,2
32,1266,1376,2017-03-17,South Carolina,1376,93.0,0.0,-0.77,1.71,-0.8,-1.53,0.01,-1.33,-3.12,1.0,0.18,-0.15,-0.12,0.04,-0.28,20,1.0,Marquette,1266.0,73.0,1.4,0,1,1266.0,1376.0,1,-1,2017,137,93,73,1913.537304,1786.332859,127.20444499999985,3,-1,1,1,-13,-17,3
33,1245,1417,2017-03-17,UCLA,1417,97.0,19.0,15.97,18.45,17.0,21.2,15.0,14.28,18.4,17.0,19.31,16.79,16.97,16.94,16.71,17,1.0,Kent St.,1245.0,80.0,3.58,1,1,1417.0,1245.0,1,-1,2017,137,97,80,1854.2031329999998,1480.035763,374.16736999999966,11,-1,-1,-1,-14,-18,2
34,1374,1425,2017-03-17,SMU,1374,65.0,7.5,7.58,4.84,5.1,10.95,10.0,7.89,9.09,6.5,7.85,7.06,6.38,6.46,7.41,-1,1.0,USC,1425.0,66.0,2.83,0,0,1425.0,1374.0,-1,1,2017,137,66,65,1895.976116,1846.443045,-49.533071000000064,-1,1,-1,1,-13,-19,3
35,1173,1455,2017-03-17,Dayton,1173,58.0,-7.0,-6.25,-5.9,-5.9,-6.65,-11.0,-8.15,-7.75,-6.5,-7.81,-7.08,-5.95,-6.28,-7.63,-6,1.0,Wichita St.,1455.0,64.0,3.03,0,0,1455.0,1173.0,1,-1,2017,137,64,58,1959.9959399999998,1830.335655,-129.6602849999997,-3,-1,1,1,-14,-18,4
36,1388,1112,2017-03-18,Arizona,1112,69.0,4.5,1.09,0.97,6.0,-2.81,-1.0,2.2,1.22,2.5,1.13,1.15,2.75,2.22,0.57,9,1.0,St. Mary's,1388.0,60.0,2.29,1,1,1112.0,1388.0,1,-1,2017,138,69,60,2021.0584059999999,1846.0245690000002,175.03383699999972,5,-1,1,1,-15,-17,5
37,1292,1139,2017-03-18,Butler,1139,74.0,2.5,4.69,4.0,5.8,4.77,1.0,1.87,6.88,4.5,6.84,5.68,5.09,5.47,5.81,9,1.0,Middle Tenn St.,1292.0,65.0,1.77,1,1,1139.0,1292.0,1,-1,2017,138,74,65,1992.591772,1779.530801,213.06097099999988,6,-1,1,1,-16,-16,6
38,1438,1196,2017-03-18,Florida,1196,65.0,2.0,1.26,-1.04,2.6,0.48,2.0,2.47,-0.25,1.5,1.5,0.03,0.64,0.3,-0.16,26,1.0,Virginia,1438.0,39.0,1.54,1,1,1196.0,1438.0,1,-1,2017,138,65,39,1914.3161910000001,2199.490565,-285.17437399999994,-8,-1,-1,-1,-17,-17,5
39,1321,1211,2017-03-18,Gonzaga,1211,79.0,10.5,12.19,13.3,8.7,14.39,16.0,13.1,9.23,10.5,10.97,11.02,10.51,10.63,11.26,6,1.0,Northwestern,1321.0,73.0,3.11,1,1,1211.0,1321.0,-1,1,2017,138,79,73,2084.516697,1791.1684480000001,293.3482489999999,8,1,-1,1,-16,-18,6
40,1235,1345,2017-03-18,Purdue,1345,80.0,0.0,1.32,2.91,2.2,3.03,1.0,-1.86,0.42,1.0,0.8,0.68,0.27,0.52,0.79,4,1.0,Iowa St.,1235.0,76.0,1.39,1,1,1345.0,1235.0,1,-1,2017,138,80,76,1991.0120140000001,1908.1724960000001,82.839518,2,-1,1,1,-17,-17,7
41,1323,1452,2017-03-18,West Virginia,1452,83.0,3.0,4.09,4.59,1.7,4.09,2.0,2.91,4.45,3.0,4.58,5.03,3.76,4.29,5.49,12,1.0,Notre Dame,1323.0,71.0,1.53,1,1,1452.0,1323.0,1,-1,2017,138,83,71,2084.2694239999996,1925.835184,158.4342399999996,4,-1,-1,-1,-18,-18,6
42,1437,1458,2017-03-18,Villanova,1437,62.0,5.5,6.0,4.34,2.7,6.0,6.0,6.0,5.09,5.0,6.34,4.62,5.89,5.21,4.27,-3,1.0,Wisconsin,1458.0,65.0,2.17,0,0,1458.0,1437.0,-1,1,2017,138,65,62,1894.368443,2181.639899,287.2714559999997,8,-1,-1,-1,-19,-19,5
43,1199,1462,2017-03-18,Florida St.,1199,66.0,7.5,5.04,5.99,6.6,6.1,7.0,3.28,2.32,5.5,3.56,4.0,3.88,3.64,4.23,-25,1.0,Xavier,1462.0,91.0,2.26,0,0,1462.0,1199.0,-1,1,2017,138,91,66,2061.06369,1856.140575,-204.92311500000005,-6,1,-1,1,-18,-20,6
44,1425,1124,2017-03-19,Baylor,1124,82.0,5.5,7.91,6.19,6.0,10.82,7.0,7.08,6.44,6.5,8.0,7.99,7.54,7.77,8.12,4,1.0,USC,1425.0,78.0,2.77,1,1,1124.0,1425.0,-1,1,2017,139,82,78,2085.014564,1895.976116,189.03844800000002,5,1,-1,1,-17,-21,7
45,1277,1242,2017-03-19,Kansas,1242,90.0,7.5,8.1,10.16,7.9,10.21,6.0,6.58,8.47,8.0,8.61,7.99,8.85,8.52,7.71,20,1.0,Michigan St.,1277.0,70.0,2.42,1,1,1242.0,1277.0,1,-1,2017,139,90,70,2199.981075,2013.872216,186.10885900000017,5,-1,-1,-1,-18,-22,6
46,1455,1246,2017-03-19,Kentucky,1246,65.0,3.5,2.6,2.5,6.0,2.6,-1.0,1.46,3.02,2.5,1.74,2.03,3.28,2.85,1.46,3,1.0,Wichita St.,1455.0,62.0,2.73,1,1,1246.0,1455.0,1,-1,2017,139,65,62,2111.435027,1959.9959399999998,151.4390870000002,4,-1,1,1,-19,-21,7
47,1257,1276,2017-03-19,Louisville,1257,69.0,3.0,3.36,3.59,2.8,3.36,1.0,-0.71,4.42,3.0,4.62,3.69,2.94,3.43,3.85,-4,1.0,Michigan,1276.0,73.0,1.55,0,0,1276.0,1257.0,-1,1,2017,139,73,69,1875.412738,2046.481938,171.0691999999999,5,-1,-1,-1,-20,-22,6
48,1116,1314,2017-03-19,North Carolina,1314,72.0,12.0,9.78,12.26,7.2,14.9,11.0,4.47,9.58,10.0,8.52,9.42,7.61,8.35,10.11,7,1.0,Arkansas,1116.0,65.0,2.41,1,1,1314.0,1116.0,-1,1,2017,139,72,65,2163.414847,1749.098801,414.3160459999999,12,-1,-1,-1,-21,-23,5
49,1348,1332,2017-03-19,Oregon,1332,75.0,5.0,6.68,5.94,7.9,8.08,6.0,3.84,1.99,4.5,7.0,6.7,6.85,6.92,6.57,3,1.0,Rhode Island,1348.0,72.0,2.26,1,1,1332.0,1348.0,-1,1,2017,139,75,72,2033.813098,1721.7014510000001,312.11164699999995,9,-1,-1,-1,-22,-24,4
50,1181,1376,2017-03-19,Duke,1181,81.0,6.5,7.02,6.55,9.1,10.13,7.0,5.35,7.45,7.0,4.35,6.39,6.94,6.91,6.08,-7,1.0,South Carolina,1376.0,88.0,2.02,0,0,1376.0,1181.0,-1,1,2017,139,88,81,1913.537304,2011.3186870000002,97.78138300000023,2,1,-1,1,-21,-25,5
51,1153,1417,2017-03-19,UCLA,1417,79.0,3.5,1.92,3.66,5.3,2.8,2.0,1.47,0.58,2.5,2.98,0.89,1.41,1.04,0.8,12,1.0,Cincinnati,1153.0,67.0,1.61,1,1,1417.0,1153.0,1,-1,2017,139,79,67,1854.2031329999998,1881.0736969999998,-26.87056400000006,0,-1,-1,-1,-22,-26,4
52,1452,1211,2017-03-23,Gonzaga,1211,61.0,2.5,3.81,3.18,4.8,3.67,6.0,4.63,-0.89,3.0,2.91,1.52,2.12,1.79,1.34,3,1.0,West Virginia,1452.0,58.0,3.02,1,1,1211.0,1452.0,-1,1,2017,143,61,58,2084.516697,2084.2694239999996,0.24727300000040486,0,1,-1,1,-21,-27,5
53,1345,1242,2017-03-23,Kansas,1242,98.0,5.0,2.53,3.17,3.0,1.72,3.0,2.94,3.86,4.0,2.45,2.24,3.52,3.1,1.76,32,1.0,Purdue,1345.0,66.0,1.99,1,1,1242.0,1345.0,1,-1,2017,143,98,66,2199.981075,1991.0120140000001,208.969061,6,-1,1,1,-22,-26,6
54,1276,1332,2017-03-23,Oregon,1332,69.0,-1.0,1.54,3.69,4.2,1.32,1.0,0.59,-1.33,0.0,2.07,1.88,2.06,2.13,1.73,1,1.0,Michigan,1276.0,68.0,2.2,1,1,1332.0,1276.0,-1,1,2017,143,69,68,2033.813098,1875.412738,158.4003600000001,4,-1,-1,-1,-23,-27,5
55,1112,1462,2017-03-23,Arizona,1112,71.0,7.5,5.2,6.34,9.5,5.65,5.0,7.68,0.32,7.5,4.09,3.91,5.64,4.8,3.46,-2,1.0,Xavier,1462.0,73.0,3.04,0,0,1462.0,1112.0,-1,1,2017,143,73,71,2061.06369,2021.0584059999999,-40.005284000000074,-1,1,-1,1,-22,-28,6
56,1458,1196,2017-03-24,Florida,1196,84.0,1.0,2.99,1.84,-0.2,4.02,4.0,3.37,3.67,1.5,4.86,2.51,2.5,2.27,2.67,1,1.0,Wisconsin,1458.0,83.0,2.09,1,1,1196.0,1458.0,-1,1,2017,144,84,83,1914.3161910000001,1894.368443,19.947748000000047,0,1,-1,1,-21,-29,7
57,1417,1246,2017-03-24,Kentucky,1246,86.0,-1.5,1.73,1.04,1.7,1.52,2.0,1.94,2.12,1.5,1.71,2.71,2.35,2.65,2.74,11,1.0,UCLA,1417.0,75.0,1.56,1,1,1246.0,1417.0,1,-1,2017,144,86,75,2111.435027,1854.2031329999998,257.23189400000024,7,-1,1,1,-22,-28,8
58,1139,1314,2017-03-24,North Carolina,1314,92.0,7.0,5.84,7.0,5.1,7.57,9.0,2.39,5.56,7.0,4.72,5.9,4.3,5.03,6.47,12,1.0,Butler,1139.0,80.0,2.58,1,1,1314.0,1139.0,1,-1,2017,144,92,80,2163.414847,1992.591772,170.82307500000002,5,-1,-1,-1,-23,-29,7
59,1124,1376,2017-03-24,Baylor,1124,50.0,3.0,4.77,4.61,5.9,5.35,3.0,4.72,3.4,3.0,3.28,4.38,5.4,5.15,3.95,-20,1.0,South Carolina,1376.0,70.0,2.04,0,0,1376.0,1124.0,-1,1,2017,144,70,50,1913.537304,2085.014564,171.47726000000011,5,-1,-1,-1,-24,-30,6
60,1462,1211,2017-03-25,Gonzaga,1211,83.0,8.5,9.87,9.68,9.6,13.23,11.0,10.02,5.94,8.5,9.52,9.25,9.34,9.08,9.34,24,1.0,Xavier,1462.0,59.0,4.6,1,1,1211.0,1462.0,1,-1,2017,145,83,59,2084.516697,2061.06369,23.45300700000007,0,-1,-1,-1,-25,-31,5
61,1242,1332,2017-03-25,Kansas,1242,60.0,6.5,3.16,2.69,0.6,2.56,4.0,3.96,8.51,6.0,3.32,3.25,3.86,3.74,3.01,-14,1.0,Oregon,1332.0,74.0,1.95,0,0,1332.0,1242.0,-1,1,2017,145,74,60,2033.813098,2199.981075,166.16797700000006,5,-1,-1,-1,-26,-32,4
62,1246,1314,2017-03-26,North Carolina,1314,75.0,2.0,1.03,2.31,-3.6,2.76,2.0,1.03,0.39,2.5,-0.66,0.51,-0.8,-0.26,1.0,2,1.0,Kentucky,1246.0,73.0,1.91,1,1,1314.0,1246.0,1,-1,2017,146,75,73,2163.414847,2111.435027,51.97982000000002,1,-1,-1,-1,-27,-33,3
63,1196,1376,2017-03-26,Florida,1196,70.0,3.0,6.75,5.04,6.8,9.1,5.0,6.75,5.73,4.5,5.49,5.59,5.25,5.48,5.67,-7,1.0,South Carolina,1376.0,77.0,2.09,0,0,1376.0,1196.0,-1,1,2017,146,77,70,1913.537304,1914.3161910000001,0.778887000000168,0,1,-1,1,-26,-34,4
64,1376,1211,2017-04-01,Gonzaga,1211,77.0,6.5,9.29,7.97,9.0,13.49,9.0,8.03,8.28,7.0,7.2,8.29,8.34,8.4,8.22,4,1.0,South Carolina,1376.0,73.0,4.04,1,1,1211.0,1376.0,-1,1,2017,152,77,73,2084.516697,1913.537304,170.97939300000007,5,1,-1,1,-25,-35,5
65,1332,1314,2017-04-01,North Carolina,1314,77.0,4.5,2.36,4.22,0.4,1.78,1.0,0.11,4.37,4.0,2.53,2.97,1.57,2.21,3.45,1,1.0,Oregon,1332.0,76.0,1.52,1,1,1314.0,1332.0,-1,1,2017,152,77,76,2163.414847,2033.813098,129.60174899999993,3,-1,-1,-1,-26,-36,4
66,1211,1314,2017-04-03,Gonzaga,1211,65.0,-1.0,2.26,-1.29,2.2,2.26,3.0,4.5,0.31,-2.0,2.15,1.36,2.32,1.81,1.07,-6,1.0,North Carolina,1314.0,71.0,2.28,0,0,1314.0,1211.0,-1,1,2017,154,71,65,2163.414847,2084.516697,-78.89814999999999,-2,1,-1,1,-25,-37,5
67,1254,1347,2018-03-13,Radford,1347,71.0,6.0,5.25,3.54,4.7,5.83,6.0,5.18,2.82,4.0,8.31,4.33,4.27,4.94,4.38,10,1.0,LIU Brooklyn,1254.0,61.0,1.51,1,1,1347.0,1254.0,1,-1,2018,134,71,61,1528.416407,1387.577895,140.83851200000004,4,-1,-1,-1,-26,-38,4
68,1417,1382,2018-03-13,UCLA,1417,58.0,3.0,2.84,3.22,2.7,-0.21,4.0,2.72,1.36,2.5,7.48,2.66,3.96,2.19,2.68,-7,1.0,St. Bonaventure,1382.0,65.0,1.92,0,0,1382.0,1417.0,-1,1,2018,134,65,58,1828.9436239999998,1914.051766,85.10814200000027,2,1,-1,1,-25,-39,5
69,1113,1393,2018-03-14,Syracuse,1393,60.0,-2.0,1.03,-1.27,0.0,0.69,2.0,1.0,0.67,-1.0,-0.01,-0.07,5.87,0.3,-0.95,4,1.0,Arizona St.,1113.0,56.0,2.79,1,1,1393.0,1113.0,1,-1,2018,135,60,56,1804.6241420000001,1707.0791219999999,97.54502000000025,2,-1,1,1,-26,-38,6
70,1300,1411,2018-03-14,Texas Southern,1411,64.0,5.5,3.17,5.28,3.2,2.52,4.0,4.79,4.72,3.5,7.19,3.3,-1.49,3.31,3.88,18,1.0,NC Central,1300.0,46.0,2.26,1,1,1411.0,1300.0,1,-1,2018,135,64,46,1349.73899,1261.980266,87.75872400000003,2,-1,-1,-1,-27,-39,5
71,1439,1104,2018-03-15,Virginia Tech,1439,83.0,2.5,0.96,2.12,1.5,3.7,2.0,0.83,1.15,1.5,1.12,1.34,-6.39,1.25,2.1,-3,1.0,Alabama,1104.0,86.0,2.46,0,0,1104.0,1439.0,-1,1,2018,136,86,83,1841.751243,1867.688541,25.937298000000055,0,1,-1,1,-26,-40,6
72,1112,1138,2018-03-15,Arizona,1112,68.0,8.0,7.33,6.8,7.1,9.43,7.0,5.97,9.42,9.5,8.89,8.01,8.36,8.27,7.99,-21,1.0,Buffalo,1138.0,89.0,1.87,0,0,1138.0,1112.0,-1,1,2018,136,89,68,1821.9423739999997,2056.297707,234.35533300000043,7,1,-1,1,-25,-41,7
73,1233,1181,2018-03-15,Duke,1181,89.0,21.0,18.6,19.77,17.5,22.35,19.0,19.72,18.19,21.0,21.67,18.35,4.1,18.91,19.77,22,1.0,Iona,1233.0,67.0,4.68,1,1,1181.0,1233.0,1,-1,2018,136,89,67,2082.803818,1595.413953,487.3898649999999,14,-1,-1,-1,-26,-42,6
74,1382,1196,2018-03-15,Florida,1196,77.0,6.0,4.74,6.96,5.8,4.99,7.0,4.13,3.78,0.0,8.34,5.17,-0.13,4.45,5.66,15,1.0,St. Bonaventure,1382.0,62.0,2.28,1,1,1196.0,1382.0,1,-1,2018,136,77,62,1931.846368,1828.9436239999998,102.90274400000021,3,-1,-1,-1,-27,-43,5
75,1422,1211,2018-03-15,Gonzaga,1211,68.0,13.0,10.95,12.59,8.4,13.42,8.0,10.39,10.02,12.0,13.14,13.06,7.34,13.44,13.2,4,1.0,NC Greensboro,1422.0,64.0,2.4,1,1,1211.0,1422.0,-1,1,2018,136,68,64,2142.204268,1788.932036,353.27223200000003,10,1,-1,1,-26,-44,6
76,1361,1222,2018-03-15,Houston,1222,67.0,4.5,4.02,4.74,5.0,7.04,6.0,4.01,4.98,3.5,2.53,3.73,-3.75,4.37,3.84,2,1.0,San Diego St.,1361.0,65.0,3.17,1,1,1222.0,1361.0,-1,1,2018,136,67,65,1996.116835,1901.8468079999998,94.27002700000025,2,1,-1,1,-25,-45,7
77,1335,1242,2018-03-15,Kansas,1242,76.0,14.0,14.25,16.61,12.4,17.05,13.0,15.14,14.98,16.0,17.94,16.31,11.34,15.93,16.65,16,1.0,Pennsylvania,1335.0,60.0,3.51,1,1,1242.0,1335.0,1,-1,2018,136,76,60,2084.816709,1746.598307,338.2184020000002,10,-1,-1,-1,-26,-46,6
78,1172,1246,2018-03-15,Kentucky,1246,78.0,4.5,5.45,4.09,6.4,2.76,6.0,5.53,6.35,6.0,6.91,6.01,7.02,7.98,5.54,5,1.0,Davidson,1172.0,73.0,2.32,1,1,1246.0,1172.0,-1,1,2018,136,78,73,2065.518294,1874.4562649999998,191.06202900000017,5,1,-1,1,-25,-47,7
79,1274,1260,2018-03-15,Miami-Florida,1274,62.0,1.0,1.72,3.79,3.0,1.8,1.0,-0.91,3.74,2.5,2.61,4.03,-5.01,4.52,4.53,-2,1.0,Loyola-Chicago,1260.0,64.0,3.12,0,0,1260.0,1274.0,-1,1,2018,136,64,62,1890.909689,1901.710759,10.801069999999982,0,1,-1,1,-24,-48,8
80,1285,1276,2018-03-15,Michigan,1276,61.0,10.0,11.52,10.19,9.6,13.78,15.0,11.17,14.09,12.0,9.88,11.93,8.0,12.94,11.89,14,1.0,Montana,1285.0,47.0,2.45,1,1,1276.0,1285.0,1,-1,2018,136,61,47,2153.6458239999997,1724.822028,428.8237959999997,12,-1,1,1,-25,-47,9
81,1355,1326,2018-03-15,Ohio St.,1326,81.0,8.0,6.56,8.61,6.3,9.01,4.0,6.15,13.53,8.5,9.3,7.28,-6.41,7.59,8.17,8,1.0,South Dakota St.,1355.0,73.0,4.61,1,1,1326.0,1355.0,1,-1,2018,136,81,73,1906.257155,1843.0369059999998,63.220249000000194,1,-1,-1,-1,-26,-48,8
82,1328,1348,2018-03-15,Rhode Island,1348,83.0,2.0,-0.19,-2.09,-0.8,2.62,2.0,1.83,0.38,0.0,-1.86,-0.9,1.93,-0.8,-1.23,5,1.0,Oklahoma,1328.0,78.0,1.73,0,1,1328.0,1348.0,1,-1,2018,136,83,78,1768.48505,1785.5537190000002,-17.068669000000227,0,-1,1,1,-27,-47,9
83,1301,1371,2018-03-15,Seton Hall,1371,94.0,3.5,2.12,2.82,1.5,2.55,2.0,1.62,3.91,2.0,2.22,2.75,2.81,2.77,2.76,11,1.0,North Carolina St.,1301.0,83.0,1.18,1,1,1371.0,1301.0,1,-1,2018,136,94,83,1929.9625829999998,1848.5293980000001,81.43318499999964,2,-1,-1,-1,-28,-48,8
84,1460,1397,2018-03-15,Tennessee,1397,73.0,11.5,13.01,12.97,11.9,15.02,12.0,13.11,16.51,14.0,16.9,12.79,10.85,12.34,13.04,26,1.0,Wright St.,1460.0,47.0,3.17,1,1,1397.0,1460.0,1,-1,2018,136,73,47,2026.714702,1629.384457,397.3302449999999,11,-1,-1,-1,-29,-49,7
85,1372,1403,2018-03-15,Texas Tech,1403,70.0,11.0,11.41,12.08,10.1,14.8,10.0,8.63,17.32,12.0,16.11,13.02,2.58,13.19,13.63,10,1.0,Stephen F. Austin,1372.0,60.0,4.16,1,1,1403.0,1372.0,-1,1,2018,136,70,60,1973.857023,1662.745744,311.11127899999997,9,1,-1,1,-28,-50,8
86,1347,1437,2018-03-15,Villanova,1437,87.0,22.5,22.47,23.96,19.0,25.01,23.0,22.92,23.22,23.5,26.4,24.63,11.13,24.62,25.4,26,1.0,Radford,1347.0,61.0,5.15,1,1,1437.0,1347.0,1,-1,2018,136,87,61,2188.106007,1528.416407,659.6895999999999,19,-1,-1,-1,-29,-51,7
87,1158,1120,2018-03-16,Auburn,1120,62.0,9.5,9.6,11.37,9.1,13.01,7.0,9.57,11.37,11.5,15.54,9.06,-8.83,9.18,10.74,4,1.0,Charleston,1158.0,58.0,5.85,1,1,1120.0,1158.0,-1,1,2018,137,62,58,1863.348538,1770.1927030000002,93.1558349999998,2,1,-1,1,-28,-52,8
88,1116,1139,2018-03-16,Arkansas,1116,62.0,-2.0,-0.38,-2.03,0.2,-2.27,-1.0,0.19,-0.27,-1.0,0.54,-0.2,5.98,-0.15,-0.67,-17,1.0,Butler,1139.0,79.0,1.89,0,0,1139.0,1116.0,-1,1,2018,137,79,62,1896.472024,1883.466805,-13.005218999999897,0,-1,-1,-1,-29,-53,7
89,1209,1153,2018-03-16,Cincinnati,1153,68.0,14.0,14.01,14.72,12.7,17.29,12.0,13.42,15.19,15.5,15.58,15.26,3.31,16.24,15.65,15,1.0,Georgia St.,1209.0,53.0,3.69,1,1,1153.0,1209.0,1,-1,2018,137,68,53,2103.432764,1654.856209,448.5765550000001,13,-1,-1,-1,-30,-54,6
90,1308,1155,2018-03-16,Clemson,1155,79.0,3.5,4.93,4.31,5.2,6.49,8.0,4.65,10.92,6.0,5.93,5.18,-3.69,5.69,5.59,11,1.0,New Mexico St.,1308.0,68.0,3.75,1,1,1155.0,1308.0,1,-1,2018,137,79,68,1917.218953,1775.3919649999998,141.82698800000026,4,-1,-1,-1,-31,-55,5
91,1281,1199,2018-03-16,Missouri,1281,54.0,-1.0,-0.59,-2.12,-0.5,-1.02,-1.0,-0.07,-1.64,1.0,0.18,-0.7,6.87,-1.68,-1.31,-13,1.0,Florida St.,1199.0,67.0,2.07,0,0,1199.0,1281.0,-1,1,2018,137,67,54,1844.356725,1843.791187,-0.5655380000000605,0,-1,-1,-1,-32,-56,4
92,1166,1243,2018-03-16,Creighton,1166,59.0,2.5,1.16,0.49,-0.1,3.91,1.0,0.29,0.58,2.0,1.05,2.03,-2.6,1.06,2.69,-10,1.0,Kansas St.,1243.0,69.0,1.96,0,0,1243.0,1166.0,-1,1,2018,137,69,59,1883.6757879999998,1886.331013,2.6552250000002005,0,1,-1,1,-31,-57,5
93,1455,1267,2018-03-16,Wichita St.,1455,75.0,13.5,10.63,13.95,10.1,18.13,8.0,7.87,13.31,12.5,11.12,12.75,-5.05,13.24,13.5,-6,1.0,Marshall,1267.0,81.0,5.2,0,0,1267.0,1455.0,-1,1,2018,137,81,75,1708.980375,2011.818977,302.8386019999998,9,1,-1,1,-30,-58,6
94,1137,1277,2018-03-16,Michigan St.,1277,82.0,13.5,12.98,15.96,12.6,15.99,10.0,12.36,11.49,15.0,15.81,14.3,4.29,14.81,14.92,4,1.0,Bucknell,1137.0,78.0,3.52,1,1,1277.0,1137.0,-1,1,2018,137,82,78,2048.78952,1730.4887210000002,318.30079899999964,9,1,-1,1,-29,-59,7
95,1400,1305,2018-03-16,Nevada,1305,87.0,0.0,-0.6,1.92,-0.4,0.58,-3.0,0.43,-1.99,0.0,1.39,-1.04,-5.12,-1.13,-0.65,4,1.0,Texas,1400.0,83.0,1.96,0,1,1400.0,1305.0,1,-1,2018,137,87,83,1856.44015,1887.2663489999998,-30.82619899999986,0,-1,1,1,-30,-58,8
96,1252,1314,2018-03-16,North Carolina,1314,84.0,22.0,18.26,19.62,15.0,24.98,19.0,17.51,22.23,20.0,21.17,19.16,8.82,18.76,19.92,18,1.0,Lipscomb,1252.0,66.0,4.22,1,1,1314.0,1252.0,-1,1,2018,137,84,66,2073.475159,1595.3959730000001,478.07918599999994,14,1,-1,1,-29,-59,9
97,1168,1345,2018-03-16,Purdue,1345,74.0,20.5,19.47,20.9,17.0,27.43,17.0,15.64,19.8,21.0,21.62,20.53,5.91,20.18,21.81,26,1.0,Cal St. Fullerton,1168.0,48.0,4.9,1,1,1345.0,1168.0,1,-1,2018,137,74,48,2063.3209690000003,1572.927661,490.3933080000004,14,-1,-1,-1,-30,-60,8
98,1395,1393,2018-03-16,TCU,1395,52.0,5.0,3.7,4.2,4.5,3.69,6.0,3.62,2.34,4.5,4.76,3.72,3.69,3.58,3.85,-5,1.0,Syracuse,1393.0,57.0,2.63,0,0,1393.0,1395.0,-1,1,2018,137,57,52,1804.6241420000001,1925.1158850000002,120.49174300000004,3,1,-1,1,-29,-61,9
99,1344,1401,2018-03-16,Texas A&M,1401,73.0,3.0,2.18,4.33,3.0,3.48,2.0,2.94,2.57,4.0,4.35,3.14,-5.87,2.84,3.79,4,1.0,Providence,1344.0,69.0,2.84,1,1,1401.0,1344.0,1,-1,2018,137,73,69,1829.455906,1846.201752,-16.74584600000003,0,-1,-1,-1,-30,-62,8
100,1438,1420,2018-03-16,Virginia,1438,54.0,20.5,21.79,21.0,18.5,23.62,21.0,26.72,23.29,23.0,25.44,23.75,12.87,23.98,24.32,-20,1.0,MD Baltimore Co,1420.0,74.0,4.01,0,0,1420.0,1438.0,-1,1,2018,137,74,54,1587.5976449999998,2244.277735,656.6800900000003,19,1,-1,1,-29,-63,9
101,1293,1452,2018-03-16,West Virginia,1452,85.0,10.0,8.92,10.94,7.5,9.26,10.0,4.09,7.87,11.0,10.58,11.2,3.38,10.91,11.81,17,1.0,Murray St.,1293.0,68.0,3.26,1,1,1452.0,1293.0,1,-1,2018,137,85,68,2000.901961,1775.1716399999998,225.73032100000023,6,-1,-1,-1,-30,-64,8
102,1411,1462,2018-03-16,Xavier,1462,102.0,19.0,21.75,21.37,19.0,25.94,20.0,20.6,23.44,19.5,24.52,21.31,4.62,23.46,21.97,19,1.0,Texas Southern,1411.0,83.0,6.33,1,1,1462.0,1411.0,-1,1,2018,137,102,83,2047.9206,1349.73899,698.1816099999999,21,1,-1,1,-29,-65,9
103,1348,1181,2018-03-17,Duke,1181,87.0,9.5,10.02,9.37,8.1,11.44,12.0,8.89,9.39,10.0,10.54,9.91,5.65,9.45,10.74,25,1.0,Rhode Island,1348.0,62.0,1.89,1,1,1181.0,1348.0,1,-1,2018,138,87,62,2082.803818,1768.48505,314.31876799999986,9,-1,-1,-1,-30,-66,8
104,1326,1211,2018-03-17,Gonzaga,1211,90.0,4.5,2.77,2.46,2.0,3.73,3.0,3.17,-0.02,2.5,0.8,3.19,7.66,3.61,2.89,6,1.0,Ohio St.,1326.0,84.0,1.66,1,1,1211.0,1326.0,1,-1,2018,138,90,84,2142.204268,1906.257155,235.94711299999994,7,-1,1,1,-31,-65,9
105,1371,1242,2018-03-17,Kansas,1242,83.0,4.5,5.68,4.65,5.8,7.46,5.0,4.59,4.32,4.0,4.57,6.02,9.49,5.04,6.0,4,1.0,Seton Hall,1371.0,79.0,1.45,1,1,1242.0,1371.0,-1,1,2018,138,83,79,2084.816709,1929.9625829999998,154.8541260000004,4,1,-1,1,-30,-66,10
106,1138,1246,2018-03-17,Kentucky,1246,95.0,5.5,6.77,5.42,6.7,7.96,7.0,4.3,7.03,6.0,8.52,7.64,-0.32,8.02,7.7,20,1.0,Buffalo,1138.0,75.0,2.31,1,1,1246.0,1138.0,1,-1,2018,138,95,75,2065.518294,1821.9423739999997,243.57592000000022,7,-1,1,1,-31,-65,11
107,1397,1260,2018-03-17,Tennessee,1397,62.0,5.0,6.4,5.92,6.3,6.64,7.0,4.62,8.39,6.0,8.39,6.06,5.3,5.28,6.3,-1,1.0,Loyola-Chicago,1260.0,63.0,1.49,0,0,1260.0,1397.0,-1,1,2018,138,63,62,1890.909689,2026.714702,135.80501299999992,4,1,-1,1,-30,-66,12
108,1222,1276,2018-03-17,Michigan,1276,64.0,3.5,2.82,1.56,3.8,1.29,6.0,4.53,1.46,3.0,1.59,2.76,6.36,3.86,2.44,1,1.0,Houston,1222.0,63.0,1.64,1,1,1276.0,1222.0,-1,1,2018,138,64,63,2153.6458239999997,1996.116835,157.52898899999968,4,-1,-1,-1,-31,-67,11
109,1196,1403,2018-03-17,Texas Tech,1403,69.0,1.5,1.77,1.83,1.8,3.98,1.0,2.18,1.12,1.0,1.89,1.37,-1.38,1.19,1.6,3,1.0,Florida,1196.0,66.0,1.73,1,1,1403.0,1196.0,1,-1,2018,138,69,66,1973.857023,1931.846368,42.01065500000004,1,-1,-1,-1,-32,-68,10
110,1104,1437,2018-03-17,Villanova,1437,81.0,11.5,12.03,11.22,9.7,17.3,15.0,12.36,10.05,11.0,11.35,11.67,8.75,11.32,11.97,23,1.0,Alabama,1104.0,58.0,2.23,1,1,1437.0,1104.0,1,-1,2018,138,81,58,2188.106007,1841.751243,346.35476399999993,10,-1,-1,-1,-33,-69,9
111,1120,1155,2018-03-18,Auburn,1120,53.0,2.0,-0.19,2.61,1.4,-0.41,-1.0,-0.87,0.22,1.5,1.62,-0.64,-8.12,-0.42,-0.04,-31,1.0,Clemson,1155.0,84.0,2.92,0,0,1155.0,1120.0,-1,1,2018,139,84,53,1917.218953,1863.348538,-53.870415000000094,-1,1,-1,1,-32,-70,10
112,1462,1199,2018-03-18,Xavier,1462,70.0,5.5,4.24,2.88,5.4,6.19,5.0,4.27,1.63,5.5,4.75,3.27,1.59,4.24,3.2,-5,1.0,Florida St.,1199.0,75.0,2.08,0,0,1199.0,1462.0,-1,1,2018,139,75,70,1844.356725,2047.9206,203.56387499999983,6,-1,-1,-1,-33,-71,9
113,1420,1243,2018-03-18,Kansas St.,1243,50.0,10.5,9.49,11.45,11.1,10.13,7.0,7.35,10.62,10.5,15.66,13.03,-8.8,12.94,13.71,7,1.0,MD Baltimore Co,1420.0,43.0,6.04,1,1,1243.0,1420.0,-1,1,2018,139,50,43,1883.6757879999998,1587.5976449999998,296.07814299999995,8,1,-1,1,-32,-72,10
114,1153,1305,2018-03-18,Cincinnati,1153,73.0,9.0,7.36,6.31,7.1,11.16,9.0,6.5,6.46,6.5,4.99,7.16,7.09,6.94,7.22,-2,1.0,Nevada,1305.0,75.0,2.07,0,0,1305.0,1153.0,-1,1,2018,139,75,73,1856.44015,2103.432764,246.99261400000023,7,1,-1,1,-31,-73,11
115,1139,1345,2018-03-18,Purdue,1345,76.0,4.0,5.8,3.24,6.3,9.03,5.0,5.03,6.17,4.0,6.63,6.4,-1.89,7.12,6.95,3,1.0,Butler,1139.0,73.0,2.42,1,1,1345.0,1139.0,-1,1,2018,139,76,73,2063.3209690000003,1896.472024,166.8489450000004,5,1,-1,1,-30,-74,12
116,1277,1393,2018-03-18,Michigan St.,1277,53.0,9.5,8.34,8.93,8.1,10.74,8.0,6.59,7.44,8.0,8.44,8.87,7.58,8.53,9.13,-2,1.0,Syracuse,1393.0,55.0,3.39,0,0,1393.0,1277.0,-1,1,2018,139,55,53,1804.6241420000001,2048.78952,244.1653779999997,7,1,-1,1,-29,-75,13
117,1314,1401,2018-03-18,North Carolina,1314,65.0,7.0,5.88,5.43,5.6,9.34,7.0,6.47,4.87,6.5,5.23,5.51,3.36,5.65,5.67,-21,1.0,Texas A&M,1401.0,86.0,1.38,0,0,1401.0,1314.0,-1,1,2018,139,86,65,1829.455906,2073.475159,244.01925300000016,7,-1,-1,-1,-30,-76,12
118,1267,1452,2018-03-18,West Virginia,1452,94.0,13.0,12.17,14.1,11.0,17.55,11.0,7.86,13.63,12.0,14.15,14.5,-1.13,13.8,15.27,23,1.0,Marshall,1267.0,71.0,4.29,1,1,1452.0,1267.0,1,-1,2018,139,94,71,2000.901961,1708.980375,291.92158599999993,8,-1,-1,-1,-31,-77,11
119,1211,1199,2018-03-22,Gonzaga,1211,60.0,6.0,5.17,4.37,5.0,8.22,5.0,5.66,1.85,5.0,3.76,3.91,5.9,4.45,3.74,-15,1.0,Florida St.,1199.0,75.0,2.02,0,0,1199.0,1211.0,-1,1,2018,143,75,60,1844.356725,2142.204268,297.84754299999986,8,-1,-1,-1,-32,-78,10
120,1246,1243,2018-03-22,Kentucky,1246,58.0,5.0,4.45,3.22,2.5,4.97,7.0,4.72,6.24,5.0,4.61,4.14,7.28,3.94,4.21,-3,1.0,Kansas St.,1243.0,61.0,1.91,0,0,1243.0,1246.0,-1,1,2018,143,61,58,1883.6757879999998,2065.518294,181.84250600000018,5,-1,-1,-1,-33,-79,9
121,1305,1260,2018-03-22,Nevada,1305,68.0,1.0,2.01,3.19,2.0,1.6,-1.0,0.58,4.04,2.5,4.26,3.51,-1.1,3.3,3.7,-1,1.0,Loyola-Chicago,1260.0,69.0,2.22,0,0,1260.0,1305.0,-1,1,2018,143,69,68,1890.909689,1856.44015,-34.46953900000017,-1,1,-1,1,-32,-80,10
122,1401,1276,2018-03-22,Michigan,1276,99.0,2.5,3.75,3.34,5.2,3.7,7.0,4.49,0.31,3.5,1.58,2.72,2.83,3.32,2.62,27,1.0,Texas A&M,1401.0,72.0,2.65,1,1,1276.0,1401.0,1,-1,2018,143,99,72,2153.6458239999997,1829.455906,324.1899179999998,9,-1,1,1,-33,-79,11
123,1393,1181,2018-03-23,Duke,1181,69.0,11.0,9.87,10.96,8.9,13.26,12.0,10.16,10.19,11.5,10.64,10.41,4.35,9.86,11.28,4,1.0,Syracuse,1393.0,65.0,3.31,1,1,1181.0,1393.0,-1,1,2018,144,69,65,2082.803818,1804.6241420000001,278.17967599999974,8,1,-1,1,-32,-80,12
124,1155,1242,2018-03-23,Kansas,1242,80.0,5.0,3.36,3.86,3.36,3.91,2.0,2.38,1.8,4.0,2.41,4.98,4.76,4.38,5.13,4,1.0,Clemson,1155.0,76.0,1.71,1,1,1242.0,1155.0,1,-1,2018,144,80,76,2084.816709,1917.218953,167.59775600000012,5,-1,1,1,-33,-79,13
125,1345,1403,2018-03-23,Purdue,1345,65.0,2.0,3.39,1.28,3.6,6.8,2.0,2.39,4.11,1.5,2.83,4.0,1.15,4.07,4.23,-13,1.0,Texas Tech,1403.0,78.0,1.6,0,0,1403.0,1345.0,-1,1,2018,144,78,65,1973.857023,2063.3209690000003,89.4639460000003,2,1,-1,1,-32,-80,14
126,1452,1437,2018-03-23,Villanova,1437,90.0,5.5,5.11,4.04,5.5,8.33,6.0,6.72,5.73,5.5,5.59,4.49,-0.77,5.21,4.61,12,1.0,West Virginia,1452.0,78.0,2.22,1,1,1437.0,1452.0,1,-1,2018,144,90,78,2188.106007,2000.901961,187.20404599999983,5,-1,-1,-1,-33,-81,13
127,1243,1260,2018-03-24,Kansas St.,1243,62.0,1.0,2.06,1.96,3.6,0.47,2.0,0.66,3.06,0.0,2.46,3.14,7.73,3.45,3.07,-16,1.0,Loyola-Chicago,1260.0,78.0,2.33,0,0,1260.0,1243.0,-1,1,2018,145,78,62,1890.909689,1883.6757879999998,-7.233901000000287,0,1,-1,1,-32,-82,14
128,1199,1276,2018-03-24,Michigan,1276,58.0,4.0,4.72,3.39,5.7,4.89,10.0,5.07,2.94,4.0,2.84,3.06,2.09,3.77,2.95,4,1.0,Florida St.,1199.0,54.0,2.88,1,1,1276.0,1199.0,-1,1,2018,145,58,54,2153.6458239999997,1844.356725,309.2890989999996,9,-1,-1,-1,-33,-83,13
129,1181,1242,2018-03-25,Kansas,1242,85.0,-3.5,-2.8,-3.95,-2.7,-3.6,-3.0,-1.85,-2.64,-3.5,-3.46,-2.35,3.7,-2.46,-2.94,4,1.0,Duke,1181.0,81.0,2.04,0,1,1181.0,1242.0,1,-1,2018,146,85,81,2084.816709,2082.803818,2.012891000000309,0,-1,1,1,-34,-82,14
130,1403,1437,2018-03-25,Villanova,1437,71.0,6.5,6.23,5.87,6.4,10.0,7.0,7.28,4.31,6.5,5.87,6.28,3.6,6.54,6.3,12,1.0,Texas Tech,1403.0,59.0,1.79,1,1,1437.0,1403.0,1,-1,2018,146,71,59,2188.106007,1973.857023,214.24898399999984,6,-1,-1,-1,-35,-83,13
131,1260,1276,2018-03-31,Michigan,1276,69.0,5.5,6.59,5.95,7.2,5.94,11.0,6.05,7.41,6.0,6.27,7.59,0.78,7.86,7.65,12,1.0,Loyola-Chicago,1260.0,57.0,2.38,1,1,1276.0,1260.0,1,-1,2018,152,69,57,2153.6458239999997,1890.909689,262.73613499999965,7,-1,1,1,-36,-82,14
132,1242,1437,2018-03-31,Villanova,1437,95.0,5.0,4.6,4.71,4.4,6.36,5.0,6.03,3.35,5.0,5.39,3.72,3.99,3.89,3.67,16,1.0,Kansas,1242.0,79.0,1.34,1,1,1437.0,1242.0,1,-1,2018,152,95,79,2188.106007,2084.816709,103.28929799999969,3,-1,-1,-1,-37,-83,13
133,1276,1437,2018-04-02,Villanova,1437,79.0,6.5,4.79,6.13,5.1,8.51,2.0,5.35,6.49,6.5,4.79,6.19,-2.12,5.43,6.44,17,1.0,Michigan,1276.0,62.0,3.3,1,1,1437.0,1276.0,1,-1,2018,154,79,62,2188.106007,2153.6458239999997,34.46018300000014,1,-1,-1,-1,-38,-84,12
134,1448,1243,2017-03-14,Wake Forest,1448,88.0,1.5,-0.09,2.56,0.4,-1.65,-2.0,2.13,-0.14,-0.0,-0.23,0.28,0.05,0.33,0.24,7,1.0,Kansas St.,1243.0,95.0,1.68,0,0,1243.0,1448.0,-1,1,2017,134,95,88,1817.590048,1628.452293,189.13775499999997,5,-1,1,1,-39,-83,13
135,1309,1291,2017-03-14,New Orleans,1309,66.0,-0.0,-0.95,-3.06,-3.5,1.23,-3.0,-3.15,3.44,-1.5,-1.92,-0.61,-1.57,-1.05,-0.34,1,1.0,Mount St. Marys,1291.0,67.0,1.86,0,0,1291.0,1309.0,-1,1,2017,134,67,66,1284.9646599999999,1283.53484,1.429819999999836,0,-1,1,1,-40,-82,14
136,1300,1413,2017-03-15,UC Davis,1413,67.0,3.0,2.33,-2.31,1.8,5.51,3.0,1.58,0.27,3.5,3.34,1.63,1.01,0.97,2.03,-4,1.0,NC Central,1300.0,63.0,2.34,0,1,1300.0,1413.0,1,-1,2017,135,67,63,1386.152741,1389.581706,3.4289649999998346,0,1,-1,1,-39,-83,15
137,1344,1425,2017-03-15,Providence,1344,71.0,2.5,-0.44,3.15,1.4,-2.21,-2.0,-0.06,-1.01,-0.0,0.17,0.26,0.57,0.62,0.05,4,1.0,USC,1425.0,75.0,1.73,0,0,1425.0,1344.0,-1,1,2017,135,75,71,1895.976116,1901.9247129999999,-5.948596999999836,0,-1,1,1,-40,-82,16
138,1315,1112,2017-03-16,Arizona,1112,100.0,-17.5,-16.59,-16.74,-18.0,-16.66,-14.0,-17.91,-19.22,-16.5,-19.79,-17.91,-18.8,-18.66,-17.54,-18,1.0,North Dakota,1315.0,82.0,2.7,1,1,1112.0,1315.0,1,-1,2017,136,100,82,2021.0584059999999,1466.304543,-554.7538629999999,-16,-1,-1,-1,-41,-83,15
139,1457,1139,2017-03-16,Butler,1139,76.0,-11.0,-11.06,-12.95,-9.5,-11.06,-6.0,-8.49,-16.45,-11.5,-15.3,-13.14,-12.56,-12.84,-13.33,-12,1.0,Winthrop,1457.0,64.0,2.74,1,1,1139.0,1457.0,1,-1,2017,136,76,64,1992.591772,1555.655734,-436.93603800000005,-13,1,-1,1,-40,-84,16
140,1190,1196,2017-03-16,Florida,1196,80.0,-9.5,-11.39,-10.91,-8.8,-11.39,-12.0,-9.3,-15.24,-11.0,-13.83,-12.6,-11.94,-12.42,-12.72,-15,1.0,East Tennessee St.,1190.0,65.0,2.63,1,1,1196.0,1190.0,1,-1,2017,136,80,65,1914.3161910000001,1689.8715320000001,-224.444659,-6,-1,-1,-1,-41,-85,15
141,1195,1199,2017-03-16,Florida St.,1199,86.0,-12.5,-12.48,-12.2,-11.3,-12.26,-13.0,-11.2,-15.43,-12.0,-15.17,-14.55,-13.5,-13.9,-14.96,-6,1.0,Florida Gulf Coast,1195.0,80.0,2.39,1,1,1199.0,1195.0,-1,1,2017,136,86,80,1856.140575,1575.18077,-280.95980499999996,-8,-1,1,1,-42,-84,16
142,1355,1211,2017-03-16,Gonzaga,1211,66.0,-22.5,-23.39,-25.1,-18.5,-23.39,-23.0,-26.51,-26.1,-22.5,-26.45,-24.17,-23.88,-23.92,-24.32,-20,1.0,South Dakota St.,1355.0,46.0,3.65,1,1,1211.0,1355.0,-1,1,2017,136,66,46,2084.516697,1627.19552,-457.32117700000003,-13,-1,1,1,-43,-83,17
143,1305,1235,2017-03-16,Iowa St.,1235,84.0,-6.5,-6.44,-5.9,-6.6,-7.83,-6.0,-6.52,-8.87,-6.5,-7.03,-7.85,-7.09,-7.45,-8.08,-11,1.0,Nevada,1305.0,73.0,2.0,1,1,1235.0,1305.0,1,-1,2017,136,84,73,1908.1724960000001,1715.559271,-192.61322500000006,-5,-1,-1,-1,-44,-84,16
144,1278,1292,2017-03-16,Minnesota,1278,72.0,1.5,-2.13,-1.0,-3.9,-1.11,-1.0,-2.07,-4.87,-1.5,-4.53,-3.18,-3.28,-3.26,-3.14,9,1.0,Middle Tenn St.,1292.0,81.0,1.95,0,0,1292.0,1278.0,-1,1,2017,136,81,72,1779.530801,1595.310076,184.22072500000013,5,-1,1,1,-45,-83,17
145,1435,1321,2017-03-16,Northwestern,1321,68.0,2.0,0.56,-1.28,-0.5,0.76,5.0,1.11,1.23,1.5,0.37,-0.32,-1.19,-0.94,0.06,-2,1.0,Vanderbilt,1435.0,66.0,2.22,0,1,1435.0,1321.0,1,-1,2017,136,68,66,1791.1684480000001,1726.8259739999999,-64.34247400000027,-1,1,-1,1,-44,-84,18
146,1343,1323,2017-03-16,Notre Dame,1323,60.0,-6.0,-6.79,-4.8,-7.7,-6.79,-5.0,-8.07,-9.47,-7.0,-9.83,-8.53,-8.91,-8.83,-8.36,-2,1.0,Princeton,1343.0,58.0,2.14,1,1,1323.0,1343.0,-1,1,2017,136,60,58,1925.835184,1750.201732,-175.63345200000003,-5,-1,1,1,-45,-83,19
147,1436,1345,2017-03-16,Purdue,1345,80.0,-9.0,-8.87,-8.38,-7.8,-10.22,-7.0,-7.8,-11.4,-9.0,-12.65,-11.44,-9.86,-10.65,-11.92,-10,1.0,Vermont,1436.0,70.0,2.51,1,1,1345.0,1436.0,1,-1,2017,136,80,70,1991.0120140000001,1671.897278,-319.1147360000002,-9,1,-1,1,-44,-84,20
148,1433,1388,2017-03-16,St. Mary's,1388,85.0,-4.0,-5.57,-4.88,-4.4,-8.59,-8.0,-5.58,-4.04,-4.5,-5.11,-5.01,-4.56,-4.65,-5.23,-8,1.0,VA Commonwealth,1433.0,77.0,1.52,1,1,1388.0,1433.0,1,-1,2017,136,85,77,1846.0245690000002,1735.1797530000001,-110.84481600000004,-3,-1,-1,-1,-45,-85,19
149,1291,1437,2017-03-16,Villanova,1437,76.0,-25.5,-24.75,-25.46,-19.0,-26.78,-28.0,-28.03,-27.97,-26.5,-28.26,-26.25,-26.43,-26.57,-26.07,-20,1.0,Mount St. Marys,1291.0,56.0,3.39,1,1,1437.0,1291.0,-1,1,2017,136,76,56,2181.639899,1284.9646599999999,-896.6752389999999,-27,-1,-1,-1,-46,-86,18
150,1423,1438,2017-03-16,Virginia,1438,76.0,-8.0,-8.84,-7.4,-6.7,-8.84,-8.0,-7.66,-13.6,-9.0,-12.19,-11.28,-8.98,-10.05,-12.08,-5,1.0,NC Wilmington,1423.0,71.0,2.57,1,1,1438.0,1423.0,-1,1,2017,136,76,71,2199.490565,1838.1067480000002,-361.3838169999999,-10,-1,-1,-1,-47,-87,17
151,1137,1452,2017-03-16,West Virginia,1452,86.0,-13.5,-12.86,-13.52,-9.8,-12.86,-12.0,-10.48,-14.12,-14.0,-15.19,-16.12,-15.04,-15.73,-16.39,-6,1.0,Bucknell,1137.0,80.0,3.07,1,1,1452.0,1137.0,-1,1,2017,136,86,80,2084.2694239999996,1565.298399,-518.9710249999996,-15,-1,-1,-1,-48,-88,16
152,1439,1458,2017-03-16,Wisconsin,1458,84.0,-5.5,-5.3,-6.68,-6.8,-6.53,-4.0,-3.58,-4.2,-5.0,-4.39,-6.07,-4.56,-5.39,-6.46,-10,1.0,Virginia Tech,1439.0,74.0,1.93,1,1,1458.0,1439.0,1,-1,2017,136,84,74,1894.368443,1893.3247920000001,-1.0436509999999544,0,-1,-1,-1,-49,-89,15
153,1268,1462,2017-03-16,Maryland,1268,65.0,-1.5,0.15,1.41,-1.0,1.65,-0.01,-0.83,2.48,-2.0,0.83,1.02,-0.06,0.43,1.36,11,1.0,Xavier,1462.0,76.0,1.53,0,0,1462.0,1268.0,-1,1,2017,136,76,65,2061.06369,1864.725762,196.33792799999992,5,-1,1,1,-50,-88,16
154,1371,1116,2017-03-17,Arkansas,1116,77.0,-0.0,-1.0,-1.1,-0.7,-1.0,-0.01,-0.46,0.61,-1.5,-1.72,-1.01,-0.78,-0.88,-1.09,-6,1.0,Seton Hall,1371.0,71.0,1.26,1,1,1116.0,1371.0,1,-1,2017,137,77,71,1749.098801,1927.873145,178.77434399999993,5,-1,-1,-1,-51,-89,15
155,1308,1124,2017-03-17,Baylor,1124,91.0,-11.5,-11.66,-8.65,-10.3,-11.66,-13.0,-8.99,-20.78,-12.0,-13.79,-13.06,-13.11,-13.08,-13.06,-18,1.0,New Mexico St.,1308.0,73.0,3.32,1,1,1124.0,1308.0,1,-1,2017,137,91,73,2085.014564,1667.155338,-417.85922600000004,-12,1,-1,1,-50,-90,16
156,1243,1153,2017-03-17,Cincinnati,1153,75.0,-4.0,-4.23,-3.01,-4.3,-5.02,-2.0,-0.72,-2.58,-3.5,-3.42,-4.11,-4.19,-4.28,-4.0,-14,1.0,Kansas St.,1243.0,61.0,2.71,1,1,1153.0,1243.0,1,-1,2017,137,75,61,1881.0736969999998,1817.590048,-63.48364899999979,-1,-1,-1,-1,-51,-91,15
157,1407,1181,2017-03-17,Duke,1181,87.0,-20.0,-17.53,-18.76,-18.5,-20.53,-14.0,-15.37,-24.0,-19.0,-18.99,-20.23,-19.83,-20.49,-20.08,-22,1.0,Troy St.,1407.0,65.0,3.47,1,1,1181.0,1407.0,1,-1,2017,137,87,65,2011.3186870000002,1241.457607,-769.8610800000001,-23,1,-1,1,-50,-92,16
158,1413,1242,2017-03-17,Kansas,1242,100.0,-23.0,-22.3,-22.09,-18.5,-27.24,-21.0,-21.78,-27.21,-22.5,-25.17,-22.83,-22.91,-23.04,-22.78,-38,1.0,UC Davis,1413.0,62.0,3.23,1,1,1242.0,1413.0,1,-1,2017,137,100,62,2199.981075,1386.152741,-813.828334,-24,1,-1,1,-49,-93,17
159,1297,1246,2017-03-17,Kentucky,1246,79.0,-20.0,-19.42,-21.83,-18.0,-24.12,-19.0,-19.69,-25.62,-19.5,-23.32,-20.8,-19.94,-20.55,-20.96,-9,1.0,Northern Kentucky,1297.0,70.0,3.65,1,1,1246.0,1297.0,-1,1,2017,137,79,70,2111.435027,1525.973774,-585.4612529999999,-17,-1,1,1,-50,-92,18
160,1240,1257,2017-03-17,Louisville,1257,78.0,-18.5,-19.89,-20.1,-16.5,-22.49,-20.0,-15.6,-28.98,-19.5,-24.34,-21.93,-20.21,-21.28,-22.37,-15,1.0,Jacksonville St.,1240.0,63.0,3.96,1,1,1257.0,1240.0,-1,1,2017,137,78,63,2046.481938,1352.2833130000001,-694.1986249999998,-20,-1,-1,-1,-51,-93,17
161,1329,1276,2017-03-17,Michigan,1276,92.0,-2.5,-1.13,-0.82,-1.0,-1.13,-3.0,-1.11,-3.02,-1.5,0.29,-0.18,-0.32,-0.25,-0.13,-1,1.0,Oklahoma St.,1329.0,91.0,1.51,1,1,1276.0,1329.0,-1,1,2017,137,92,91,1875.412738,1729.835609,-145.577129,-4,-1,-1,-1,-52,-94,16
162,1274,1277,2017-03-17,Miami-Florida,1274,58.0,-1.5,-1.35,-3.33,-1.5,-1.68,-0.01,-0.14,-0.7,-1.0,-1.82,-1.42,-1.66,-1.39,-1.45,20,1.0,Michigan St.,1277.0,78.0,1.44,0,0,1277.0,1274.0,-1,1,2017,137,78,58,2013.872216,1902.729976,111.1422399999999,3,-1,1,1,-53,-93,17
163,1411,1314,2017-03-17,North Carolina,1314,103.0,-26.5,-23.26,-24.5,-18.0,-27.9,-24.0,-24.62,-27.82,-24.5,-28.01,-24.84,-23.26,-23.96,-25.41,-39,1.0,Texas Southern,1411.0,64.0,4.01,1,1,1314.0,1411.0,1,-1,2017,137,103,64,2163.414847,1484.939293,-678.4755540000001,-20,-1,-1,-1,-54,-94,16
164,1233,1332,2017-03-17,Oregon,1332,93.0,-15.5,-15.19,-16.77,-15.6,-15.19,-17.0,-14.27,-13.56,-14.5,-18.29,-16.46,-16.74,-16.67,-16.34,-16,1.0,Iona,1233.0,77.0,3.87,1,1,1332.0,1233.0,1,-1,2017,137,93,77,2033.813098,1603.042777,-430.7703210000002,-12,-1,-1,-1,-55,-95,15
165,1166,1348,2017-03-17,Creighton,1166,72.0,2.0,-3.05,-1.83,-3.8,-3.14,-1.0,-2.01,-0.38,-2.0,-3.91,-4.32,-4.47,-4.58,-4.17,12,1.0,Rhode Island,1348.0,84.0,1.42,0,0,1348.0,1166.0,-1,1,2017,137,84,72,1721.7014510000001,1940.605148,-218.90369699999997,-6,-1,-1,-1,-56,-96,14
166,1266,1376,2017-03-17,South Carolina,1376,93.0,-0.0,0.77,-1.71,0.8,1.53,-0.01,1.33,3.12,-1.0,-0.18,0.15,0.12,-0.04,0.28,-20,1.0,Marquette,1266.0,73.0,1.4,0,1,1266.0,1376.0,1,-1,2017,137,93,73,1913.537304,1786.332859,-127.20444499999985,-3,1,-1,1,-55,-97,15
167,1245,1417,2017-03-17,UCLA,1417,97.0,-19.0,-15.97,-18.45,-17.0,-21.2,-15.0,-14.28,-18.4,-17.0,-19.31,-16.79,-16.97,-16.94,-16.71,-17,1.0,Kent St.,1245.0,80.0,3.58,1,1,1417.0,1245.0,1,-1,2017,137,97,80,1854.2031329999998,1480.035763,-374.16736999999966,-11,-1,-1,-1,-56,-98,14
168,1374,1425,2017-03-17,SMU,1374,65.0,-7.5,-7.58,-4.84,-5.1,-10.95,-10.0,-7.89,-9.09,-6.5,-7.85,-7.06,-6.38,-6.46,-7.41,1,1.0,USC,1425.0,66.0,2.83,0,0,1425.0,1374.0,-1,1,2017,137,66,65,1895.976116,1846.443045,49.533071000000064,1,-1,1,1,-57,-97,15
169,1173,1455,2017-03-17,Dayton,1173,58.0,7.0,6.25,5.9,5.9,6.65,11.0,8.15,7.75,6.5,7.81,7.08,5.95,6.28,7.63,6,1.0,Wichita St.,1455.0,64.0,3.03,0,0,1455.0,1173.0,1,-1,2017,137,64,58,1959.9959399999998,1830.335655,129.6602849999997,3,1,-1,1,-56,-98,16
170,1388,1112,2017-03-18,Arizona,1112,69.0,-4.5,-1.09,-0.97,-6.0,2.81,1.0,-2.2,-1.22,-2.5,-1.13,-1.15,-2.75,-2.22,-0.57,-9,1.0,St. Mary's,1388.0,60.0,2.29,1,1,1112.0,1388.0,1,-1,2017,138,69,60,2021.0584059999999,1846.0245690000002,-175.03383699999972,-5,1,-1,1,-55,-99,17
171,1292,1139,2017-03-18,Butler,1139,74.0,-2.5,-4.69,-4.0,-5.8,-4.77,-1.0,-1.87,-6.88,-4.5,-6.84,-5.68,-5.09,-5.47,-5.81,-9,1.0,Middle Tenn St.,1292.0,65.0,1.77,1,1,1139.0,1292.0,1,-1,2017,138,74,65,1992.591772,1779.530801,-213.06097099999988,-6,1,-1,1,-54,-100,18
172,1438,1196,2017-03-18,Florida,1196,65.0,-2.0,-1.26,1.04,-2.6,-0.48,-2.0,-2.47,0.25,-1.5,-1.5,-0.03,-0.64,-0.3,0.16,-26,1.0,Virginia,1438.0,39.0,1.54,1,1,1196.0,1438.0,1,-1,2017,138,65,39,1914.3161910000001,2199.490565,285.17437399999994,8,-1,-1,-1,-55,-101,17
173,1321,1211,2017-03-18,Gonzaga,1211,79.0,-10.5,-12.19,-13.3,-8.7,-14.39,-16.0,-13.1,-9.23,-10.5,-10.97,-11.02,-10.51,-10.63,-11.26,-6,1.0,Northwestern,1321.0,73.0,3.11,1,1,1211.0,1321.0,-1,1,2017,138,79,73,2084.516697,1791.1684480000001,-293.3482489999999,-8,-1,1,1,-56,-100,18
174,1235,1345,2017-03-18,Purdue,1345,80.0,-0.0,-1.32,-2.91,-2.2,-3.03,-1.0,1.86,-0.42,-1.0,-0.8,-0.68,-0.27,-0.52,-0.79,-4,1.0,Iowa St.,1235.0,76.0,1.39,1,1,1345.0,1235.0,1,-1,2017,138,80,76,1991.0120140000001,1908.1724960000001,-82.839518,-2,1,-1,1,-55,-101,19
175,1323,1452,2017-03-18,West Virginia,1452,83.0,-3.0,-4.09,-4.59,-1.7,-4.09,-2.0,-2.91,-4.45,-3.0,-4.58,-5.03,-3.76,-4.29,-5.49,-12,1.0,Notre Dame,1323.0,71.0,1.53,1,1,1452.0,1323.0,1,-1,2017,138,83,71,2084.2694239999996,1925.835184,-158.4342399999996,-4,-1,-1,-1,-56,-102,18
176,1437,1458,2017-03-18,Villanova,1437,62.0,-5.5,-6.0,-4.34,-2.7,-6.0,-6.0,-6.0,-5.09,-5.0,-6.34,-4.62,-5.89,-5.21,-4.27,3,1.0,Wisconsin,1458.0,65.0,2.17,0,0,1458.0,1437.0,-1,1,2017,138,65,62,1894.368443,2181.639899,-287.2714559999997,-8,-1,-1,-1,-57,-103,17
177,1199,1462,2017-03-18,Florida St.,1199,66.0,-7.5,-5.04,-5.99,-6.6,-6.1,-7.0,-3.28,-2.32,-5.5,-3.56,-4.0,-3.88,-3.64,-4.23,25,1.0,Xavier,1462.0,91.0,2.26,0,0,1462.0,1199.0,-1,1,2017,138,91,66,2061.06369,1856.140575,204.92311500000005,6,-1,1,1,-58,-102,18
178,1425,1124,2017-03-19,Baylor,1124,82.0,-5.5,-7.91,-6.19,-6.0,-10.82,-7.0,-7.08,-6.44,-6.5,-8.0,-7.99,-7.54,-7.77,-8.12,-4,1.0,USC,1425.0,78.0,2.77,1,1,1124.0,1425.0,-1,1,2017,139,82,78,2085.014564,1895.976116,-189.03844800000002,-5,-1,1,1,-59,-101,19
179,1277,1242,2017-03-19,Kansas,1242,90.0,-7.5,-8.1,-10.16,-7.9,-10.21,-6.0,-6.58,-8.47,-8.0,-8.61,-7.99,-8.85,-8.52,-7.71,-20,1.0,Michigan St.,1277.0,70.0,2.42,1,1,1242.0,1277.0,1,-1,2017,139,90,70,2199.981075,2013.872216,-186.10885900000017,-5,-1,-1,-1,-60,-102,18
180,1455,1246,2017-03-19,Kentucky,1246,65.0,-3.5,-2.6,-2.5,-6.0,-2.6,1.0,-1.46,-3.02,-2.5,-1.74,-2.03,-3.28,-2.85,-1.46,-3,1.0,Wichita St.,1455.0,62.0,2.73,1,1,1246.0,1455.0,1,-1,2017,139,65,62,2111.435027,1959.9959399999998,-151.4390870000002,-4,1,-1,1,-59,-103,19
181,1257,1276,2017-03-19,Louisville,1257,69.0,-3.0,-3.36,-3.59,-2.8,-3.36,-1.0,0.71,-4.42,-3.0,-4.62,-3.69,-2.94,-3.43,-3.85,4,1.0,Michigan,1276.0,73.0,1.55,0,0,1276.0,1257.0,-1,1,2017,139,73,69,1875.412738,2046.481938,-171.0691999999999,-5,-1,-1,-1,-60,-104,18
182,1116,1314,2017-03-19,North Carolina,1314,72.0,-12.0,-9.78,-12.26,-7.2,-14.9,-11.0,-4.47,-9.58,-10.0,-8.52,-9.42,-7.61,-8.35,-10.11,-7,1.0,Arkansas,1116.0,65.0,2.41,1,1,1314.0,1116.0,-1,1,2017,139,72,65,2163.414847,1749.098801,-414.3160459999999,-12,-1,-1,-1,-61,-105,17
183,1348,1332,2017-03-19,Oregon,1332,75.0,-5.0,-6.68,-5.94,-7.9,-8.08,-6.0,-3.84,-1.99,-4.5,-7.0,-6.7,-6.85,-6.92,-6.57,-3,1.0,Rhode Island,1348.0,72.0,2.26,1,1,1332.0,1348.0,-1,1,2017,139,75,72,2033.813098,1721.7014510000001,-312.11164699999995,-9,-1,-1,-1,-62,-106,16
184,1181,1376,2017-03-19,Duke,1181,81.0,-6.5,-7.02,-6.55,-9.1,-10.13,-7.0,-5.35,-7.45,-7.0,-4.35,-6.39,-6.94,-6.91,-6.08,7,1.0,South Carolina,1376.0,88.0,2.02,0,0,1376.0,1181.0,-1,1,2017,139,88,81,1913.537304,2011.3186870000002,-97.78138300000023,-2,-1,1,1,-63,-105,17
185,1153,1417,2017-03-19,UCLA,1417,79.0,-3.5,-1.92,-3.66,-5.3,-2.8,-2.0,-1.47,-0.58,-2.5,-2.98,-0.89,-1.41,-1.04,-0.8,-12,1.0,Cincinnati,1153.0,67.0,1.61,1,1,1417.0,1153.0,1,-1,2017,139,79,67,1854.2031329999998,1881.0736969999998,26.87056400000006,0,-1,-1,-1,-64,-106,16
186,1452,1211,2017-03-23,Gonzaga,1211,61.0,-2.5,-3.81,-3.18,-4.8,-3.67,-6.0,-4.63,0.89,-3.0,-2.91,-1.52,-2.12,-1.79,-1.34,-3,1.0,West Virginia,1452.0,58.0,3.02,1,1,1211.0,1452.0,-1,1,2017,143,61,58,2084.516697,2084.2694239999996,-0.24727300000040486,0,-1,1,1,-65,-105,17
187,1345,1242,2017-03-23,Kansas,1242,98.0,-5.0,-2.53,-3.17,-3.0,-1.72,-3.0,-2.94,-3.86,-4.0,-2.45,-2.24,-3.52,-3.1,-1.76,-32,1.0,Purdue,1345.0,66.0,1.99,1,1,1242.0,1345.0,1,-1,2017,143,98,66,2199.981075,1991.0120140000001,-208.969061,-6,1,-1,1,-64,-106,18
188,1276,1332,2017-03-23,Oregon,1332,69.0,1.0,-1.54,-3.69,-4.2,-1.32,-1.0,-0.59,1.33,-0.0,-2.07,-1.88,-2.06,-2.13,-1.73,-1,1.0,Michigan,1276.0,68.0,2.2,1,1,1332.0,1276.0,-1,1,2017,143,69,68,2033.813098,1875.412738,-158.4003600000001,-4,-1,-1,-1,-65,-107,17
189,1112,1462,2017-03-23,Arizona,1112,71.0,-7.5,-5.2,-6.34,-9.5,-5.65,-5.0,-7.68,-0.32,-7.5,-4.09,-3.91,-5.64,-4.8,-3.46,2,1.0,Xavier,1462.0,73.0,3.04,0,0,1462.0,1112.0,-1,1,2017,143,73,71,2061.06369,2021.0584059999999,40.005284000000074,1,-1,1,1,-66,-106,18
190,1458,1196,2017-03-24,Florida,1196,84.0,-1.0,-2.99,-1.84,0.2,-4.02,-4.0,-3.37,-3.67,-1.5,-4.86,-2.51,-2.5,-2.27,-2.67,-1,1.0,Wisconsin,1458.0,83.0,2.09,1,1,1196.0,1458.0,-1,1,2017,144,84,83,1914.3161910000001,1894.368443,-19.947748000000047,0,-1,1,1,-67,-105,19
191,1417,1246,2017-03-24,Kentucky,1246,86.0,1.5,-1.73,-1.04,-1.7,-1.52,-2.0,-1.94,-2.12,-1.5,-1.71,-2.71,-2.35,-2.65,-2.74,-11,1.0,UCLA,1417.0,75.0,1.56,1,1,1246.0,1417.0,1,-1,2017,144,86,75,2111.435027,1854.2031329999998,-257.23189400000024,-7,1,-1,1,-66,-106,20
192,1139,1314,2017-03-24,North Carolina,1314,92.0,-7.0,-5.84,-7.0,-5.1,-7.57,-9.0,-2.39,-5.56,-7.0,-4.72,-5.9,-4.3,-5.03,-6.47,-12,1.0,Butler,1139.0,80.0,2.58,1,1,1314.0,1139.0,1,-1,2017,144,92,80,2163.414847,1992.591772,-170.82307500000002,-5,-1,-1,-1,-67,-107,19
193,1124,1376,2017-03-24,Baylor,1124,50.0,-3.0,-4.77,-4.61,-5.9,-5.35,-3.0,-4.72,-3.4,-3.0,-3.28,-4.38,-5.4,-5.15,-3.95,20,1.0,South Carolina,1376.0,70.0,2.04,0,0,1376.0,1124.0,-1,1,2017,144,70,50,1913.537304,2085.014564,-171.47726000000011,-5,-1,-1,-1,-68,-108,18
194,1462,1211,2017-03-25,Gonzaga,1211,83.0,-8.5,-9.87,-9.68,-9.6,-13.23,-11.0,-10.02,-5.94,-8.5,-9.52,-9.25,-9.34,-9.08,-9.34,-24,1.0,Xavier,1462.0,59.0,4.6,1,1,1211.0,1462.0,1,-1,2017,145,83,59,2084.516697,2061.06369,-23.45300700000007,0,-1,-1,-1,-69,-109,17
195,1242,1332,2017-03-25,Kansas,1242,60.0,-6.5,-3.16,-2.69,-0.6,-2.56,-4.0,-3.96,-8.51,-6.0,-3.32,-3.25,-3.86,-3.74,-3.01,14,1.0,Oregon,1332.0,74.0,1.95,0,0,1332.0,1242.0,-1,1,2017,145,74,60,2033.813098,2199.981075,-166.16797700000006,-5,-1,-1,-1,-70,-110,16
196,1246,1314,2017-03-26,North Carolina,1314,75.0,-2.0,-1.03,-2.31,3.6,-2.76,-2.0,-1.03,-0.39,-2.5,0.66,-0.51,0.8,0.26,-1.0,-2,1.0,Kentucky,1246.0,73.0,1.91,1,1,1314.0,1246.0,1,-1,2017,146,75,73,2163.414847,2111.435027,-51.97982000000002,-1,-1,-1,-1,-71,-111,15
197,1196,1376,2017-03-26,Florida,1196,70.0,-3.0,-6.75,-5.04,-6.8,-9.1,-5.0,-6.75,-5.73,-4.5,-5.49,-5.59,-5.25,-5.48,-5.67,7,1.0,South Carolina,1376.0,77.0,2.09,0,0,1376.0,1196.0,-1,1,2017,146,77,70,1913.537304,1914.3161910000001,-0.778887000000168,0,-1,1,1,-72,-110,16
198,1376,1211,2017-04-01,Gonzaga,1211,77.0,-6.5,-9.29,-7.97,-9.0,-13.49,-9.0,-8.03,-8.28,-7.0,-7.2,-8.29,-8.34,-8.4,-8.22,-4,1.0,South Carolina,1376.0,73.0,4.04,1,1,1211.0,1376.0,-1,1,2017,152,77,73,2084.516697,1913.537304,-170.97939300000007,-5,-1,1,1,-73,-109,17
199,1332,1314,2017-04-01,North Carolina,1314,77.0,-4.5,-2.36,-4.22,-0.4,-1.78,-1.0,-0.11,-4.37,-4.0,-2.53,-2.97,-1.57,-2.21,-3.45,-1,1.0,Oregon,1332.0,76.0,1.52,1,1,1314.0,1332.0,-1,1,2017,152,77,76,2163.414847,2033.813098,-129.60174899999993,-3,-1,-1,-1,-74,-110,16
200,1211,1314,2017-04-03,Gonzaga,1211,65.0,1.0,-2.26,1.29,-2.2,-2.26,-3.0,-4.5,-0.31,2.0,-2.15,-1.36,-2.32,-1.81,-1.07,6,1.0,North Carolina,1314.0,71.0,2.28,0,0,1314.0,1211.0,-1,1,2017,154,71,65,2163.414847,2084.516697,78.89814999999999,2,-1,1,1,-75,-109,17
201,1254,1347,2018-03-13,Radford,1347,71.0,-6.0,-5.25,-3.54,-4.7,-5.83,-6.0,-5.18,-2.82,-4.0,-8.31,-4.33,-4.27,-4.94,-4.38,-10,1.0,LIU Brooklyn,1254.0,61.0,1.51,1,1,1347.0,1254.0,1,-1,2018,134,71,61,1528.416407,1387.577895,-140.83851200000004,-4,-1,-1,-1,-76,-110,16
202,1417,1382,2018-03-13,UCLA,1417,58.0,-3.0,-2.84,-3.22,-2.7,0.21,-4.0,-2.72,-1.36,-2.5,-7.48,-2.66,-3.96,-2.19,-2.68,7,1.0,St. Bonaventure,1382.0,65.0,1.92,0,0,1382.0,1417.0,-1,1,2018,134,65,58,1828.9436239999998,1914.051766,-85.10814200000027,-2,-1,1,1,-77,-109,17
203,1113,1393,2018-03-14,Syracuse,1393,60.0,2.0,-1.03,1.27,-0.0,-0.69,-2.0,-1.0,-0.67,1.0,0.01,0.07,-5.87,-0.3,0.95,-4,1.0,Arizona St.,1113.0,56.0,2.79,1,1,1393.0,1113.0,1,-1,2018,135,60,56,1804.6241420000001,1707.0791219999999,-97.54502000000025,-2,1,-1,1,-76,-110,18
204,1300,1411,2018-03-14,Texas Southern,1411,64.0,-5.5,-3.17,-5.28,-3.2,-2.52,-4.0,-4.79,-4.72,-3.5,-7.19,-3.3,1.49,-3.31,-3.88,-18,1.0,NC Central,1300.0,46.0,2.26,1,1,1411.0,1300.0,1,-1,2018,135,64,46,1349.73899,1261.980266,-87.75872400000003,-2,-1,-1,-1,-77,-111,17
205,1439,1104,2018-03-15,Virginia Tech,1439,83.0,-2.5,-0.96,-2.12,-1.5,-3.7,-2.0,-0.83,-1.15,-1.5,-1.12,-1.34,6.39,-1.25,-2.1,3,1.0,Alabama,1104.0,86.0,2.46,0,0,1104.0,1439.0,-1,1,2018,136,86,83,1841.751243,1867.688541,-25.937298000000055,0,-1,1,1,-78,-110,18
206,1112,1138,2018-03-15,Arizona,1112,68.0,-8.0,-7.33,-6.8,-7.1,-9.43,-7.0,-5.97,-9.42,-9.5,-8.89,-8.01,-8.36,-8.27,-7.99,21,1.0,Buffalo,1138.0,89.0,1.87,0,0,1138.0,1112.0,-1,1,2018,136,89,68,1821.9423739999997,2056.297707,-234.35533300000043,-7,-1,1,1,-79,-109,19
207,1233,1181,2018-03-15,Duke,1181,89.0,-21.0,-18.6,-19.77,-17.5,-22.35,-19.0,-19.72,-18.19,-21.0,-21.67,-18.35,-4.1,-18.91,-19.77,-22,1.0,Iona,1233.0,67.0,4.68,1,1,1181.0,1233.0,1,-1,2018,136,89,67,2082.803818,1595.413953,-487.3898649999999,-14,-1,-1,-1,-80,-110,18
208,1382,1196,2018-03-15,Florida,1196,77.0,-6.0,-4.74,-6.96,-5.8,-4.99,-7.0,-4.13,-3.78,-0.0,-8.34,-5.17,0.13,-4.45,-5.66,-15,1.0,St. Bonaventure,1382.0,62.0,2.28,1,1,1196.0,1382.0,1,-1,2018,136,77,62,1931.846368,1828.9436239999998,-102.90274400000021,-3,-1,-1,-1,-81,-111,17
209,1422,1211,2018-03-15,Gonzaga,1211,68.0,-13.0,-10.95,-12.59,-8.4,-13.42,-8.0,-10.39,-10.02,-12.0,-13.14,-13.06,-7.34,-13.44,-13.2,-4,1.0,NC Greensboro,1422.0,64.0,2.4,1,1,1211.0,1422.0,-1,1,2018,136,68,64,2142.204268,1788.932036,-353.27223200000003,-10,-1,1,1,-82,-110,18
210,1361,1222,2018-03-15,Houston,1222,67.0,-4.5,-4.02,-4.74,-5.0,-7.04,-6.0,-4.01,-4.98,-3.5,-2.53,-3.73,3.75,-4.37,-3.84,-2,1.0,San Diego St.,1361.0,65.0,3.17,1,1,1222.0,1361.0,-1,1,2018,136,67,65,1996.116835,1901.8468079999998,-94.27002700000025,-2,-1,1,1,-83,-109,19
211,1335,1242,2018-03-15,Kansas,1242,76.0,-14.0,-14.25,-16.61,-12.4,-17.05,-13.0,-15.14,-14.98,-16.0,-17.94,-16.31,-11.34,-15.93,-16.65,-16,1.0,Pennsylvania,1335.0,60.0,3.51,1,1,1242.0,1335.0,1,-1,2018,136,76,60,2084.816709,1746.598307,-338.2184020000002,-10,-1,-1,-1,-84,-110,18
212,1172,1246,2018-03-15,Kentucky,1246,78.0,-4.5,-5.45,-4.09,-6.4,-2.76,-6.0,-5.53,-6.35,-6.0,-6.91,-6.01,-7.02,-7.98,-5.54,-5,1.0,Davidson,1172.0,73.0,2.32,1,1,1246.0,1172.0,-1,1,2018,136,78,73,2065.518294,1874.4562649999998,-191.06202900000017,-5,-1,1,1,-85,-109,19
213,1274,1260,2018-03-15,Miami-Florida,1274,62.0,-1.0,-1.72,-3.79,-3.0,-1.8,-1.0,0.91,-3.74,-2.5,-2.61,-4.03,5.01,-4.52,-4.53,2,1.0,Loyola-Chicago,1260.0,64.0,3.12,0,0,1260.0,1274.0,-1,1,2018,136,64,62,1890.909689,1901.710759,-10.801069999999982,0,-1,1,1,-86,-108,20
214,1285,1276,2018-03-15,Michigan,1276,61.0,-10.0,-11.52,-10.19,-9.6,-13.78,-15.0,-11.17,-14.09,-12.0,-9.88,-11.93,-8.0,-12.94,-11.89,-14,1.0,Montana,1285.0,47.0,2.45,1,1,1276.0,1285.0,1,-1,2018,136,61,47,2153.6458239999997,1724.822028,-428.8237959999997,-12,1,-1,1,-85,-109,21
215,1355,1326,2018-03-15,Ohio St.,1326,81.0,-8.0,-6.56,-8.61,-6.3,-9.01,-4.0,-6.15,-13.53,-8.5,-9.3,-7.28,6.41,-7.59,-8.17,-8,1.0,South Dakota St.,1355.0,73.0,4.61,1,1,1326.0,1355.0,1,-1,2018,136,81,73,1906.257155,1843.0369059999998,-63.220249000000194,-1,-1,-1,-1,-86,-110,20
216,1328,1348,2018-03-15,Rhode Island,1348,83.0,-2.0,0.19,2.09,0.8,-2.62,-2.0,-1.83,-0.38,-0.0,1.86,0.9,-1.93,0.8,1.23,-5,1.0,Oklahoma,1328.0,78.0,1.73,0,1,1328.0,1348.0,1,-1,2018,136,83,78,1768.48505,1785.5537190000002,17.068669000000227,0,1,-1,1,-85,-111,21
217,1301,1371,2018-03-15,Seton Hall,1371,94.0,-3.5,-2.12,-2.82,-1.5,-2.55,-2.0,-1.62,-3.91,-2.0,-2.22,-2.75,-2.81,-2.77,-2.76,-11,1.0,North Carolina St.,1301.0,83.0,1.18,1,1,1371.0,1301.0,1,-1,2018,136,94,83,1929.9625829999998,1848.5293980000001,-81.43318499999964,-2,-1,-1,-1,-86,-112,20
218,1460,1397,2018-03-15,Tennessee,1397,73.0,-11.5,-13.01,-12.97,-11.9,-15.02,-12.0,-13.11,-16.51,-14.0,-16.9,-12.79,-10.85,-12.34,-13.04,-26,1.0,Wright St.,1460.0,47.0,3.17,1,1,1397.0,1460.0,1,-1,2018,136,73,47,2026.714702,1629.384457,-397.3302449999999,-11,-1,-1,-1,-87,-113,19
219,1372,1403,2018-03-15,Texas Tech,1403,70.0,-11.0,-11.41,-12.08,-10.1,-14.8,-10.0,-8.63,-17.32,-12.0,-16.11,-13.02,-2.58,-13.19,-13.63,-10,1.0,Stephen F. Austin,1372.0,60.0,4.16,1,1,1403.0,1372.0,-1,1,2018,136,70,60,1973.857023,1662.745744,-311.11127899999997,-9,-1,1,1,-88,-112,20
220,1347,1437,2018-03-15,Villanova,1437,87.0,-22.5,-22.47,-23.96,-19.0,-25.01,-23.0,-22.92,-23.22,-23.5,-26.4,-24.63,-11.13,-24.62,-25.4,-26,1.0,Radford,1347.0,61.0,5.15,1,1,1437.0,1347.0,1,-1,2018,136,87,61,2188.106007,1528.416407,-659.6895999999999,-19,-1,-1,-1,-89,-113,19
221,1158,1120,2018-03-16,Auburn,1120,62.0,-9.5,-9.6,-11.37,-9.1,-13.01,-7.0,-9.57,-11.37,-11.5,-15.54,-9.06,8.83,-9.18,-10.74,-4,1.0,Charleston,1158.0,58.0,5.85,1,1,1120.0,1158.0,-1,1,2018,137,62,58,1863.348538,1770.1927030000002,-93.1558349999998,-2,-1,1,1,-90,-112,20
222,1116,1139,2018-03-16,Arkansas,1116,62.0,2.0,0.38,2.03,-0.2,2.27,1.0,-0.19,0.27,1.0,-0.54,0.2,-5.98,0.15,0.67,17,1.0,Butler,1139.0,79.0,1.89,0,0,1139.0,1116.0,-1,1,2018,137,79,62,1896.472024,1883.466805,13.005218999999897,0,-1,-1,-1,-91,-113,19
223,1209,1153,2018-03-16,Cincinnati,1153,68.0,-14.0,-14.01,-14.72,-12.7,-17.29,-12.0,-13.42,-15.19,-15.5,-15.58,-15.26,-3.31,-16.24,-15.65,-15,1.0,Georgia St.,1209.0,53.0,3.69,1,1,1153.0,1209.0,1,-1,2018,137,68,53,2103.432764,1654.856209,-448.5765550000001,-13,-1,-1,-1,-92,-114,18
224,1308,1155,2018-03-16,Clemson,1155,79.0,-3.5,-4.93,-4.31,-5.2,-6.49,-8.0,-4.65,-10.92,-6.0,-5.93,-5.18,3.69,-5.69,-5.59,-11,1.0,New Mexico St.,1308.0,68.0,3.75,1,1,1155.0,1308.0,1,-1,2018,137,79,68,1917.218953,1775.3919649999998,-141.82698800000026,-4,-1,-1,-1,-93,-115,17
225,1281,1199,2018-03-16,Missouri,1281,54.0,1.0,0.59,2.12,0.5,1.02,1.0,0.07,1.64,-1.0,-0.18,0.7,-6.87,1.68,1.31,13,1.0,Florida St.,1199.0,67.0,2.07,0,0,1199.0,1281.0,-1,1,2018,137,67,54,1844.356725,1843.791187,0.5655380000000605,0,-1,-1,-1,-94,-116,16
226,1166,1243,2018-03-16,Creighton,1166,59.0,-2.5,-1.16,-0.49,0.1,-3.91,-1.0,-0.29,-0.58,-2.0,-1.05,-2.03,2.6,-1.06,-2.69,10,1.0,Kansas St.,1243.0,69.0,1.96,0,0,1243.0,1166.0,-1,1,2018,137,69,59,1883.6757879999998,1886.331013,-2.6552250000002005,0,-1,1,1,-95,-115,17
227,1455,1267,2018-03-16,Wichita St.,1455,75.0,-13.5,-10.63,-13.95,-10.1,-18.13,-8.0,-7.87,-13.31,-12.5,-11.12,-12.75,5.05,-13.24,-13.5,6,1.0,Marshall,1267.0,81.0,5.2,0,0,1267.0,1455.0,-1,1,2018,137,81,75,1708.980375,2011.818977,-302.8386019999998,-9,-1,1,1,-96,-114,18
228,1137,1277,2018-03-16,Michigan St.,1277,82.0,-13.5,-12.98,-15.96,-12.6,-15.99,-10.0,-12.36,-11.49,-15.0,-15.81,-14.3,-4.29,-14.81,-14.92,-4,1.0,Bucknell,1137.0,78.0,3.52,1,1,1277.0,1137.0,-1,1,2018,137,82,78,2048.78952,1730.4887210000002,-318.30079899999964,-9,-1,1,1,-97,-113,19
229,1400,1305,2018-03-16,Nevada,1305,87.0,-0.0,0.6,-1.92,0.4,-0.58,3.0,-0.43,1.99,-0.0,-1.39,1.04,5.12,1.13,0.65,-4,1.0,Texas,1400.0,83.0,1.96,0,1,1400.0,1305.0,1,-1,2018,137,87,83,1856.44015,1887.2663489999998,30.82619899999986,0,1,-1,1,-96,-114,20
230,1252,1314,2018-03-16,North Carolina,1314,84.0,-22.0,-18.26,-19.62,-15.0,-24.98,-19.0,-17.51,-22.23,-20.0,-21.17,-19.16,-8.82,-18.76,-19.92,-18,1.0,Lipscomb,1252.0,66.0,4.22,1,1,1314.0,1252.0,-1,1,2018,137,84,66,2073.475159,1595.3959730000001,-478.07918599999994,-14,-1,1,1,-97,-113,21
231,1168,1345,2018-03-16,Purdue,1345,74.0,-20.5,-19.47,-20.9,-17.0,-27.43,-17.0,-15.64,-19.8,-21.0,-21.62,-20.53,-5.91,-20.18,-21.81,-26,1.0,Cal St. Fullerton,1168.0,48.0,4.9,1,1,1345.0,1168.0,1,-1,2018,137,74,48,2063.3209690000003,1572.927661,-490.3933080000004,-14,-1,-1,-1,-98,-114,20
232,1395,1393,2018-03-16,TCU,1395,52.0,-5.0,-3.7,-4.2,-4.5,-3.69,-6.0,-3.62,-2.34,-4.5,-4.76,-3.72,-3.69,-3.58,-3.85,5,1.0,Syracuse,1393.0,57.0,2.63,0,0,1393.0,1395.0,-1,1,2018,137,57,52,1804.6241420000001,1925.1158850000002,-120.49174300000004,-3,-1,1,1,-99,-113,21
233,1344,1401,2018-03-16,Texas A&M,1401,73.0,-3.0,-2.18,-4.33,-3.0,-3.48,-2.0,-2.94,-2.57,-4.0,-4.35,-3.14,5.87,-2.84,-3.79,-4,1.0,Providence,1344.0,69.0,2.84,1,1,1401.0,1344.0,1,-1,2018,137,73,69,1829.455906,1846.201752,16.74584600000003,0,-1,-1,-1,-100,-114,20
234,1438,1420,2018-03-16,Virginia,1438,54.0,-20.5,-21.79,-21.0,-18.5,-23.62,-21.0,-26.72,-23.29,-23.0,-25.44,-23.75,-12.87,-23.98,-24.32,20,1.0,MD Baltimore Co,1420.0,74.0,4.01,0,0,1420.0,1438.0,-1,1,2018,137,74,54,1587.5976449999998,2244.277735,-656.6800900000003,-19,-1,1,1,-101,-113,21
235,1293,1452,2018-03-16,West Virginia,1452,85.0,-10.0,-8.92,-10.94,-7.5,-9.26,-10.0,-4.09,-7.87,-11.0,-10.58,-11.2,-3.38,-10.91,-11.81,-17,1.0,Murray St.,1293.0,68.0,3.26,1,1,1452.0,1293.0,1,-1,2018,137,85,68,2000.901961,1775.1716399999998,-225.73032100000023,-6,-1,-1,-1,-102,-114,20
236,1411,1462,2018-03-16,Xavier,1462,102.0,-19.0,-21.75,-21.37,-19.0,-25.94,-20.0,-20.6,-23.44,-19.5,-24.52,-21.31,-4.62,-23.46,-21.97,-19,1.0,Texas Southern,1411.0,83.0,6.33,1,1,1462.0,1411.0,-1,1,2018,137,102,83,2047.9206,1349.73899,-698.1816099999999,-21,-1,1,1,-103,-113,21
237,1348,1181,2018-03-17,Duke,1181,87.0,-9.5,-10.02,-9.37,-8.1,-11.44,-12.0,-8.89,-9.39,-10.0,-10.54,-9.91,-5.65,-9.45,-10.74,-25,1.0,Rhode Island,1348.0,62.0,1.89,1,1,1181.0,1348.0,1,-1,2018,138,87,62,2082.803818,1768.48505,-314.31876799999986,-9,-1,-1,-1,-104,-114,20
238,1326,1211,2018-03-17,Gonzaga,1211,90.0,-4.5,-2.77,-2.46,-2.0,-3.73,-3.0,-3.17,0.02,-2.5,-0.8,-3.19,-7.66,-3.61,-2.89,-6,1.0,Ohio St.,1326.0,84.0,1.66,1,1,1211.0,1326.0,1,-1,2018,138,90,84,2142.204268,1906.257155,-235.94711299999994,-7,1,-1,1,-103,-115,21
239,1371,1242,2018-03-17,Kansas,1242,83.0,-4.5,-5.68,-4.65,-5.8,-7.46,-5.0,-4.59,-4.32,-4.0,-4.57,-6.02,-9.49,-5.04,-6.0,-4,1.0,Seton Hall,1371.0,79.0,1.45,1,1,1242.0,1371.0,-1,1,2018,138,83,79,2084.816709,1929.9625829999998,-154.8541260000004,-4,-1,1,1,-104,-114,22
240,1138,1246,2018-03-17,Kentucky,1246,95.0,-5.5,-6.77,-5.42,-6.7,-7.96,-7.0,-4.3,-7.03,-6.0,-8.52,-7.64,0.32,-8.02,-7.7,-20,1.0,Buffalo,1138.0,75.0,2.31,1,1,1246.0,1138.0,1,-1,2018,138,95,75,2065.518294,1821.9423739999997,-243.57592000000022,-7,1,-1,1,-103,-115,23
241,1397,1260,2018-03-17,Tennessee,1397,62.0,-5.0,-6.4,-5.92,-6.3,-6.64,-7.0,-4.62,-8.39,-6.0,-8.39,-6.06,-5.3,-5.28,-6.3,1,1.0,Loyola-Chicago,1260.0,63.0,1.49,0,0,1260.0,1397.0,-1,1,2018,138,63,62,1890.909689,2026.714702,-135.80501299999992,-4,-1,1,1,-104,-114,24
242,1222,1276,2018-03-17,Michigan,1276,64.0,-3.5,-2.82,-1.56,-3.8,-1.29,-6.0,-4.53,-1.46,-3.0,-1.59,-2.76,-6.36,-3.86,-2.44,-1,1.0,Houston,1222.0,63.0,1.64,1,1,1276.0,1222.0,-1,1,2018,138,64,63,2153.6458239999997,1996.116835,-157.52898899999968,-4,-1,-1,-1,-105,-115,23
243,1196,1403,2018-03-17,Texas Tech,1403,69.0,-1.5,-1.77,-1.83,-1.8,-3.98,-1.0,-2.18,-1.12,-1.0,-1.89,-1.37,1.38,-1.19,-1.6,-3,1.0,Florida,1196.0,66.0,1.73,1,1,1403.0,1196.0,1,-1,2018,138,69,66,1973.857023,1931.846368,-42.01065500000004,-1,-1,-1,-1,-106,-116,22
244,1104,1437,2018-03-17,Villanova,1437,81.0,-11.5,-12.03,-11.22,-9.7,-17.3,-15.0,-12.36,-10.05,-11.0,-11.35,-11.67,-8.75,-11.32,-11.97,-23,1.0,Alabama,1104.0,58.0,2.23,1,1,1437.0,1104.0,1,-1,2018,138,81,58,2188.106007,1841.751243,-346.35476399999993,-10,-1,-1,-1,-107,-117,21
245,1120,1155,2018-03-18,Auburn,1120,53.0,-2.0,0.19,-2.61,-1.4,0.41,1.0,0.87,-0.22,-1.5,-1.62,0.64,8.12,0.42,0.04,31,1.0,Clemson,1155.0,84.0,2.92,0,0,1155.0,1120.0,-1,1,2018,139,84,53,1917.218953,1863.348538,53.870415000000094,1,-1,1,1,-108,-116,22
246,1462,1199,2018-03-18,Xavier,1462,70.0,-5.5,-4.24,-2.88,-5.4,-6.19,-5.0,-4.27,-1.63,-5.5,-4.75,-3.27,-1.59,-4.24,-3.2,5,1.0,Florida St.,1199.0,75.0,2.08,0,0,1199.0,1462.0,-1,1,2018,139,75,70,1844.356725,2047.9206,-203.56387499999983,-6,-1,-1,-1,-109,-117,21
247,1420,1243,2018-03-18,Kansas St.,1243,50.0,-10.5,-9.49,-11.45,-11.1,-10.13,-7.0,-7.35,-10.62,-10.5,-15.66,-13.03,8.8,-12.94,-13.71,-7,1.0,MD Baltimore Co,1420.0,43.0,6.04,1,1,1243.0,1420.0,-1,1,2018,139,50,43,1883.6757879999998,1587.5976449999998,-296.07814299999995,-8,-1,1,1,-110,-116,22
248,1153,1305,2018-03-18,Cincinnati,1153,73.0,-9.0,-7.36,-6.31,-7.1,-11.16,-9.0,-6.5,-6.46,-6.5,-4.99,-7.16,-7.09,-6.94,-7.22,2,1.0,Nevada,1305.0,75.0,2.07,0,0,1305.0,1153.0,-1,1,2018,139,75,73,1856.44015,2103.432764,-246.99261400000023,-7,-1,1,1,-111,-115,23
249,1139,1345,2018-03-18,Purdue,1345,76.0,-4.0,-5.8,-3.24,-6.3,-9.03,-5.0,-5.03,-6.17,-4.0,-6.63,-6.4,1.89,-7.12,-6.95,-3,1.0,Butler,1139.0,73.0,2.42,1,1,1345.0,1139.0,-1,1,2018,139,76,73,2063.3209690000003,1896.472024,-166.8489450000004,-5,-1,1,1,-112,-114,24
250,1277,1393,2018-03-18,Michigan St.,1277,53.0,-9.5,-8.34,-8.93,-8.1,-10.74,-8.0,-6.59,-7.44,-8.0,-8.44,-8.87,-7.58,-8.53,-9.13,2,1.0,Syracuse,1393.0,55.0,3.39,0,0,1393.0,1277.0,-1,1,2018,139,55,53,1804.6241420000001,2048.78952,-244.1653779999997,-7,-1,1,1,-113,-113,25
251,1314,1401,2018-03-18,North Carolina,1314,65.0,-7.0,-5.88,-5.43,-5.6,-9.34,-7.0,-6.47,-4.87,-6.5,-5.23,-5.51,-3.36,-5.65,-5.67,21,1.0,Texas A&M,1401.0,86.0,1.38,0,0,1401.0,1314.0,-1,1,2018,139,86,65,1829.455906,2073.475159,-244.01925300000016,-7,-1,-1,-1,-114,-114,24
252,1267,1452,2018-03-18,West Virginia,1452,94.0,-13.0,-12.17,-14.1,-11.0,-17.55,-11.0,-7.86,-13.63,-12.0,-14.15,-14.5,1.13,-13.8,-15.27,-23,1.0,Marshall,1267.0,71.0,4.29,1,1,1452.0,1267.0,1,-1,2018,139,94,71,2000.901961,1708.980375,-291.92158599999993,-8,-1,-1,-1,-115,-115,23
253,1211,1199,2018-03-22,Gonzaga,1211,60.0,-6.0,-5.17,-4.37,-5.0,-8.22,-5.0,-5.66,-1.85,-5.0,-3.76,-3.91,-5.9,-4.45,-3.74,15,1.0,Florida St.,1199.0,75.0,2.02,0,0,1199.0,1211.0,-1,1,2018,143,75,60,1844.356725,2142.204268,-297.84754299999986,-8,-1,-1,-1,-116,-116,22
254,1246,1243,2018-03-22,Kentucky,1246,58.0,-5.0,-4.45,-3.22,-2.5,-4.97,-7.0,-4.72,-6.24,-5.0,-4.61,-4.14,-7.28,-3.94,-4.21,3,1.0,Kansas St.,1243.0,61.0,1.91,0,0,1243.0,1246.0,-1,1,2018,143,61,58,1883.6757879999998,2065.518294,-181.84250600000018,-5,-1,-1,-1,-117,-117,21
255,1305,1260,2018-03-22,Nevada,1305,68.0,-1.0,-2.01,-3.19,-2.0,-1.6,1.0,-0.58,-4.04,-2.5,-4.26,-3.51,1.1,-3.3,-3.7,1,1.0,Loyola-Chicago,1260.0,69.0,2.22,0,0,1260.0,1305.0,-1,1,2018,143,69,68,1890.909689,1856.44015,34.46953900000017,1,-1,1,1,-118,-116,22
256,1401,1276,2018-03-22,Michigan,1276,99.0,-2.5,-3.75,-3.34,-5.2,-3.7,-7.0,-4.49,-0.31,-3.5,-1.58,-2.72,-2.83,-3.32,-2.62,-27,1.0,Texas A&M,1401.0,72.0,2.65,1,1,1276.0,1401.0,1,-1,2018,143,99,72,2153.6458239999997,1829.455906,-324.1899179999998,-9,1,-1,1,-117,-117,23
257,1393,1181,2018-03-23,Duke,1181,69.0,-11.0,-9.87,-10.96,-8.9,-13.26,-12.0,-10.16,-10.19,-11.5,-10.64,-10.41,-4.35,-9.86,-11.28,-4,1.0,Syracuse,1393.0,65.0,3.31,1,1,1181.0,1393.0,-1,1,2018,144,69,65,2082.803818,1804.6241420000001,-278.17967599999974,-8,-1,1,1,-118,-116,24
258,1155,1242,2018-03-23,Kansas,1242,80.0,-5.0,-3.36,-3.86,-3.36,-3.91,-2.0,-2.38,-1.8,-4.0,-2.41,-4.98,-4.76,-4.38,-5.13,-4,1.0,Clemson,1155.0,76.0,1.71,1,1,1242.0,1155.0,1,-1,2018,144,80,76,2084.816709,1917.218953,-167.59775600000012,-5,1,-1,1,-117,-117,25
259,1345,1403,2018-03-23,Purdue,1345,65.0,-2.0,-3.39,-1.28,-3.6,-6.8,-2.0,-2.39,-4.11,-1.5,-2.83,-4.0,-1.15,-4.07,-4.23,13,1.0,Texas Tech,1403.0,78.0,1.6,0,0,1403.0,1345.0,-1,1,2018,144,78,65,1973.857023,2063.3209690000003,-89.4639460000003,-2,-1,1,1,-118,-116,26
260,1452,1437,2018-03-23,Villanova,1437,90.0,-5.5,-5.11,-4.04,-5.5,-8.33,-6.0,-6.72,-5.73,-5.5,-5.59,-4.49,0.77,-5.21,-4.61,-12,1.0,West Virginia,1452.0,78.0,2.22,1,1,1437.0,1452.0,1,-1,2018,144,90,78,2188.106007,2000.901961,-187.20404599999983,-5,-1,-1,-1,-119,-117,25
261,1243,1260,2018-03-24,Kansas St.,1243,62.0,-1.0,-2.06,-1.96,-3.6,-0.47,-2.0,-0.66,-3.06,-0.0,-2.46,-3.14,-7.73,-3.45,-3.07,16,1.0,Loyola-Chicago,1260.0,78.0,2.33,0,0,1260.0,1243.0,-1,1,2018,145,78,62,1890.909689,1883.6757879999998,7.233901000000287,0,-1,1,1,-120,-116,26
262,1199,1276,2018-03-24,Michigan,1276,58.0,-4.0,-4.72,-3.39,-5.7,-4.89,-10.0,-5.07,-2.94,-4.0,-2.84,-3.06,-2.09,-3.77,-2.95,-4,1.0,Florida St.,1199.0,54.0,2.88,1,1,1276.0,1199.0,-1,1,2018,145,58,54,2153.6458239999997,1844.356725,-309.2890989999996,-9,-1,-1,-1,-121,-117,25
263,1181,1242,2018-03-25,Kansas,1242,85.0,3.5,2.8,3.95,2.7,3.6,3.0,1.85,2.64,3.5,3.46,2.35,-3.7,2.46,2.94,-4,1.0,Duke,1181.0,81.0,2.04,0,1,1181.0,1242.0,1,-1,2018,146,85,81,2084.816709,2082.803818,-2.012891000000309,0,1,-1,1,-120,-118,26
264,1403,1437,2018-03-25,Villanova,1437,71.0,-6.5,-6.23,-5.87,-6.4,-10.0,-7.0,-7.28,-4.31,-6.5,-5.87,-6.28,-3.6,-6.54,-6.3,-12,1.0,Texas Tech,1403.0,59.0,1.79,1,1,1437.0,1403.0,1,-1,2018,146,71,59,2188.106007,1973.857023,-214.24898399999984,-6,-1,-1,-1,-121,-119,25
265,1260,1276,2018-03-31,Michigan,1276,69.0,-5.5,-6.59,-5.95,-7.2,-5.94,-11.0,-6.05,-7.41,-6.0,-6.27,-7.59,-0.78,-7.86,-7.65,-12,1.0,Loyola-Chicago,1260.0,57.0,2.38,1,1,1276.0,1260.0,1,-1,2018,152,69,57,2153.6458239999997,1890.909689,-262.73613499999965,-7,1,-1,1,-120,-120,26
266,1242,1437,2018-03-31,Villanova,1437,95.0,-5.0,-4.6,-4.71,-4.4,-6.36,-5.0,-6.03,-3.35,-5.0,-5.39,-3.72,-3.99,-3.89,-3.67,-16,1.0,Kansas,1242.0,79.0,1.34,1,1,1437.0,1242.0,1,-1,2018,152,95,79,2188.106007,2084.816709,-103.28929799999969,-3,-1,-1,-1,-121,-121,25
267,1276,1437,2018-04-02,Villanova,1437,79.0,-6.5,-4.79,-6.13,-5.1,-8.51,-2.0,-5.35,-6.49,-6.5,-4.79,-6.19,2.12,-5.43,-6.44,-17,1.0,Michigan,1276.0,62.0,3.3,1,1,1437.0,1276.0,1,-1,2018,154,79,62,2188.106007,2153.6458239999997,-34.46018300000014,-1,-1,-1,-1,-122,-122,24
